,display_name,ISO code,Language,Relevant Countries,Country,# Speakers,is_in_seacrowd,population
0,Belait (beg),beg,Belait,Brunei,Brunei,1240,True,<10K
1,Brunei (kxd),kxd,Brunei,Brunei,Brunei,295000,True,<1M
2,Brunei Bisaya (bsb),bsb,Brunei Bisaya,"Brunei, Malaysia",Brunei,37600,True,<100K
3,Eastern Penan (pez),pez,Eastern Penan,"Brunei, Malaysia",Brunei,10000,True,<100K
4,Iban (iba),iba,Iban,"Brunei, Indonesia, Malaysia",Brunei,1452000,True,<10M
5,Lundayeh (lnd),lnd,Lundayeh,"Brunei, Indonesia, Malaysia",Brunei,23000,True,<100K
6,Tutong (ttd),ttd,Tutong,Brunei,Brunei,7000,True,<10K
7,Brao (brb),brb,Brao,"Cambodia, Laos, Vietnam",Cambodia,22800,True,<100K
8,Bulo Stieng (sti),sti,Bulo Stieng,"Cambodia, Vietnam",Cambodia,45000,True,<100K
9,Cambodian Sign Language (csx),csx,Cambodian Sign Language,Cambodia,Cambodia,7500,False,<10K
10,Central Mnong (cmo),cmo,Central Mnong,"Cambodia, Vietnam",Cambodia,32500,True,<100K
11,Chung (scq),scq,Chung,Cambodia,Cambodia,10,True,<100
12,Jarai (jra),jra,Jarai,"Cambodia, Vietnam",Cambodia,242000,True,<1M
13,Kachok (xkk),xkk,Kachok,Cambodia,Cambodia,3370,False,<10K
14,Kavet (krv),krv,Kavet,Cambodia,Cambodia,6220,False,<10K
15,Khmer (khm),khm,Khmer,"Cambodia, Vietnam",Cambodia,17390040,True,<100M
16,Kraol (rka),rka,Kraol,Cambodia,Cambodia,4200,True,<10K
17,Krung (krr),krr,Krung,Cambodia,Cambodia,20700,True,<100K
18,Kuay (kdt),kdt,Kuay,"Cambodia, Laos, Thailand",Cambodia,400000,True,<1M
19,Lao (lao),lao,Lao,"Cambodia, Laos",Laos,3870000,True,<10M
20,Mel-Khaonh (hkn),hkn,Mel-Khaonh,Cambodia,Cambodia,4000,False,<10K
21,Pear (pcb),pcb,Pear,Cambodia,Cambodia,1670,True,<10K
22,Samre (sxm),sxm,Samre,"Cambodia, Thailand",Cambodia,1,True,<10
23,Somray (smu),smu,Somray,Cambodia,Cambodia,4100,True,<10K
24,Su’ung (syo),syo,Su’ung,Cambodia,Cambodia,860,True,<1K
25,Tampuan (tpu),tpu,Tampuan,Cambodia,Cambodia,31000,True,<100K
26,Western Cham (cja),cja,Western Cham,"Cambodia, Vietnam",Cambodia,204000,True,<1M
27,Atauran (adb),adb,Atauran,East Timor,East Timor,5000,False,<10K
28,Baikeno (bkx),bkx,Baikeno,East Timor,East Timor,72000,True,<100K
29,Bunak (bfn),bfn,Bunak,"East Timor, Indonesia",East Timor,55000,True,<100K
30,Fataluku (ddg),ddg,Fataluku,East Timor,East Timor,37000,True,<100K
31,Galolen (gal),gal,Galolen,"East Timor, Indonesia",East Timor,13000,True,<100K
32,Habun (hbu),hbu,Habun,East Timor,East Timor,2700,True,<10K
33,Idaté (idt),idt,Idaté,East Timor,East Timor,13500,True,<100K
34,Kairui-Midiki (krd),krd,Kairui-Midiki,East Timor,East Timor,15000,True,<100K
35,Kemak (kem),kem,Kemak,"East Timor, Indonesia",East Timor,62000,True,<100K
36,Lakalei (lka),lka,Lakalei,East Timor,East Timor,3250,False,<10K
37,Makalero (mjb),mjb,Makalero,East Timor,East Timor,6500,False,<10K
38,Makasae (mkz),mkz,Makasae,East Timor,East Timor,102000,True,<1M
39,Makuva (lva),lva,Makuva,East Timor,East Timor,56,False,<100
40,Mambae (mgm),mgm,Mambae,East Timor,East Timor,131000,True,<1M
41,Nauete (nxa),nxa,Nauete,East Timor,East Timor,15000,True,<100K
42,Tetun (tet),tet,Tetun,"East Timor, Indonesia",East Timor,400000,True,<1M
43,Tetun Dili (tdt),tdt,Tetun Dili,East Timor,East Timor,385000,True,<1M
44,Timor Pidgin (tvy),tvy,Timor Pidgin,East Timor,East Timor,1,False,<10
45,Tukudede (tkd),tkd,Tukudede,East Timor,East Timor,39500,True,<100K
46,Waima’a (wmh),wmh,Waima’a,East Timor,East Timor,18400,True,<100K
47,Welaun (wlh),wlh,Welaun,"East Timor, Indonesia",East Timor,5575,False,<10K
48,Abinomn (bsa),bsa,Abinomn,Indonesia,Indonesia,300,True,<1K
49,Abui (abz),abz,Abui,Indonesia,Indonesia,16000,True,<100K
50,Abun (kgr),kgr,Abun,Indonesia,Indonesia,3000,True,<10K
51,Aceh (ace),ace,Aceh,Indonesia,Indonesia,3500000,True,<10M
52,Adang (adn),adn,Adang,Indonesia,Indonesia,3000,True,<10K
53,Adonara (adr),adr,Adonara,Indonesia,Indonesia,98000,True,<100K
54,Aghu (ahh),ahh,Aghu,Indonesia,Indonesia,3000,True,<10K
55,Airoran (air),air,Airoran,Indonesia,Indonesia,1000,True,<10K
56,Alor (aol),aol,Alor,Indonesia,Indonesia,25000,True,<100K
57,Alune (alp),alp,Alune,Indonesia,Indonesia,17200,True,<100K
58,Amahai (amq),amq,Amahai,Indonesia,Indonesia,50,True,<100
59,Amarasi (aaz),aaz,Amarasi,Indonesia,Indonesia,70000,True,<100K
60,Ambai (amk),amk,Ambai,Indonesia,Indonesia,10100,True,<100K
61,Ambel (wgo),wgo,Ambel,Indonesia,Indonesia,1000,True,<10K
62,Ambelau (amv),amv,Ambelau,Indonesia,Indonesia,5700,False,<10K
63,Ambonese Malay (abs),abs,Ambonese Malay,Indonesia,Indonesia,1600000,True,<10M
64,Ampanang (apg),apg,Ampanang,Indonesia,Indonesia,30000,False,<100K
65,Anakalangu (akg),akg,Anakalangu,Indonesia,Indonesia,16000,True,<100K
66,Anasi (bpo),bpo,Anasi,Indonesia,Indonesia,2000,False,<10K
67,Andio (bzb),bzb,Andio,Indonesia,Indonesia,1700,False,<10K
68,Angguruk Yali (yli),yli,Angguruk Yali,Indonesia,Indonesia,15000,True,<100K
69,Ansus (and),and,Ansus,Indonesia,Indonesia,4600,True,<10K
70,Anus (auq),auq,Anus,Indonesia,Indonesia,320,False,<1K
71,Aoheng (pni),pni,Aoheng,Indonesia,Indonesia,2630,False,<10K
72,Aputai (apx),apx,Aputai,Indonesia,Indonesia,150,True,<1K
73,Aralle-Tabulahan (atq),atq,Aralle-Tabulahan,Indonesia,Indonesia,12000,True,<100K
74,Arandai (jbj),jbj,Arandai,Indonesia,Indonesia,1000,True,<10K
75,Arguni (agf),agf,Arguni,Indonesia,Indonesia,150,True,<1K
76,As (asz),asz,As,Indonesia,Indonesia,230,True,<1K
77,Asilulu (asl),asl,Asilulu,Indonesia,Indonesia,8760,True,<10K
78,Asue Awyu (psa),psa,Asue Awyu,Indonesia,Indonesia,6500,True,<10K
79,Atohwaim (aqm),aqm,Atohwaim,Indonesia,Indonesia,1000,True,<10K
80,Auye (auu),auu,Auye,Indonesia,Indonesia,350,True,<1K
81,Awbono (awh),awh,Awbono,Indonesia,Indonesia,100,True,<1K
82,Awera (awr),awr,Awera,Indonesia,Indonesia,70,True,<100
83,Awyi (auw),auw,Awyi,Indonesia,Indonesia,350,True,<1K
84,Bacanese Malay (btj),btj,Bacanese Malay,Indonesia,Indonesia,6,True,<10
85,Bada (bhz),bhz,Bada,Indonesia,Indonesia,6800,True,<10K
86,Bädi Kanum (khd),khd,Bädi Kanum,Indonesia,Indonesia,10,True,<100
87,Badui (bac),bac,Badui,Indonesia,Indonesia,20000,True,<100K
88,Bagusa (bqb),bqb,Bagusa,Indonesia,Indonesia,300,True,<1K
89,Baham (bdw),bdw,Baham,Indonesia,Indonesia,1100,True,<10K
90,Bahau (bhv),bhv,Bahau,Indonesia,Indonesia,19000,False,<100K
91,Bahonsuai (bsu),bsu,Bahonsuai,Indonesia,Indonesia,200,False,<1K
92,Bakati’ (bei),bei,Bakati’,Indonesia,Indonesia,4000,True,<10K
93,Bakumpai (bkr),bkr,Bakumpai,Indonesia,Indonesia,100000,True,<1M
94,Balaesang (bls),bls,Balaesang,Indonesia,Indonesia,3200,True,<10K
95,Balantak (blz),blz,Balantak,Indonesia,Indonesia,31000,True,<100K
96,Bali (ban),ban,Bali,Indonesia,Indonesia,3330000,True,<10M
97,Balinese Malay (mhp),mhp,Balinese Malay,Indonesia,Indonesia,25000,False,<100K
98,Bambam (ptu),ptu,Bambam,Indonesia,Indonesia,22000,True,<100K
99,Banda (bnd),bnd,Banda,Indonesia,Indonesia,3000,True,<10K
100,Banda Malay (bpq),bpq,Banda Malay,Indonesia,Indonesia,3690,True,<10K
101,Banggai (bgz),bgz,Banggai,Indonesia,Indonesia,125000,True,<1M
102,Bangka (mfb),mfb,Bangka,Indonesia,Indonesia,340000,True,<1M
103,Banjar (bjn),bjn,Banjar,Indonesia,Indonesia,3500000,True,<10M
104,Bantik (bnq),bnq,Bantik,Indonesia,Indonesia,3000,True,<10K
105,Barakai (baj),baj,Barakai,Indonesia,Indonesia,4450,True,<10K
106,Barapasi (brp),brp,Barapasi,Indonesia,Indonesia,2500,True,<10K
107,Baras (brs),brs,Baras,Indonesia,Indonesia,250,True,<1K
108,Basap (bdb),bdb,Basap,Indonesia,Indonesia,15000,False,<100K
109,Batak Alas-Kluet (btz),btz,Batak Alas-Kluet,Indonesia,Indonesia,195000,True,<1M
110,Batak Angkola (akb),akb,Batak Angkola,Indonesia,Indonesia,750000,True,<1M
111,Batak Dairi (btd),btd,Batak Dairi,Indonesia,Indonesia,1200000,True,<10M
112,Batak Karo (btx),btx,Batak Karo,Indonesia,Indonesia,600000,True,<1M
113,Batak Mandailing (btm),btm,Batak Mandailing,Indonesia,Indonesia,1100000,True,<10M
114,Batak Simalungun (bts),bts,Batak Simalungun,Indonesia,Indonesia,1200000,True,<10M
115,Batak Toba (bbc),bbc,Batak Toba,Indonesia,Indonesia,2000000,True,<10M
116,Bati (bvt),bvt,Bati,Indonesia,Indonesia,3500,False,<10K
117,Batui (zbt),zbt,Batui,Indonesia,Indonesia,2900,False,<10K
118,Batuley (bay),bay,Batuley,Indonesia,Indonesia,3640,True,<10K
119,Bau Bidayuh (sne),sne,Bau Bidayuh,"Indonesia, Malaysia",Indonesia,29200,True,<100K
120,Bauzi (bvz),bvz,Bauzi,Indonesia,Indonesia,1500,True,<10K
121,Bayono (byl),byl,Bayono,Indonesia,Indonesia,100,True,<1K
122,Bedoanas (bed),bed,Bedoanas,Indonesia,Indonesia,180,True,<1K
123,Beginci (ebc),ebc,Beginci,Indonesia,Indonesia,7800,False,<10K
124,Behoa (bep),bep,Behoa,Indonesia,Indonesia,10000,True,<100K
125,Beneraf (bnv),bnv,Beneraf,Indonesia,Indonesia,200,True,<1K
126,Benggoi (bgy),bgy,Benggoi,Indonesia,Indonesia,350,False,<1K
127,Bentong (bnu),bnu,Bentong,Indonesia,Indonesia,25000,False,<100K
128,Benyadu’ (byd),byd,Benyadu’,Indonesia,Indonesia,54000,False,<100K
129,Berau Malay (bve),bve,Berau Malay,Indonesia,Indonesia,11200,True,<100K
130,Berik (bkl),bkl,Berik,Indonesia,Indonesia,1200,True,<10K
131,Betaf (bfe),bfe,Betaf,Indonesia,Indonesia,600,True,<1K
132,Betawi (bew),bew,Betawi,Indonesia,Indonesia,5000000,True,<10M
133,Biak (bhw),bhw,Biak,Indonesia,Indonesia,70000,True,<100K
134,Bian Marind (bpv),bpv,Bian Marind,Indonesia,Indonesia,2900,True,<10K
135,Biatah Bidayuh (bth),bth,Biatah Bidayuh,"Indonesia, Malaysia",Indonesia,63900,True,<100K
136,Biga (bhc),bhc,Biga,Indonesia,Indonesia,300,True,<1K
137,Bilba (bpz),bpz,Bilba,Indonesia,Indonesia,7000,False,<10K
138,Bima (bhp),bhp,Bima,Indonesia,Indonesia,500000,True,<1M
139,Bintauna (bne),bne,Bintauna,Indonesia,Indonesia,11200,False,<100K
140,Biritai (bqq),bqq,Biritai,Indonesia,Indonesia,250,True,<1K
141,Blagar (beu),beu,Blagar,Indonesia,Indonesia,11000,True,<100K
142,Boano (bzn),bzn,Boano,Indonesia,Indonesia,3240,False,<10K
143,Boano (bzl),bzl,Boano,Indonesia,Indonesia,2700,True,<10K
144,Bobongko (bgb),bgb,Bobongko,Indonesia,Indonesia,1500,True,<10K
145,Bobot (bty),bty,Bobot,Indonesia,Indonesia,4500,True,<10K
146,Bolango (bld),bld,Bolango,Indonesia,Indonesia,23000,False,<100K
147,Bonerate (bna),bna,Bonerate,Indonesia,Indonesia,9500,True,<10K
148,Bonggo (bpg),bpg,Bonggo,Indonesia,Indonesia,790,True,<1K
149,Budong-Budong (bdx),bdx,Budong-Budong,Indonesia,Indonesia,70,True,<100
150,Bugis (bug),bug,Bugis,Indonesia,Indonesia,5500000,True,<10M
151,Bukar-Sadong Bidayuh (sdo),sdo,Bukar-Sadong Bidayuh,"Indonesia, Malaysia",Indonesia,49100,True,<100K
152,Bukat (bvk),bvk,Bukat,Indonesia,Indonesia,400,True,<1K
153,Bukit Malay (bvu),bvu,Bukit Malay,Indonesia,Indonesia,59000,False,<100K
154,Bukitan (bkn),bkn,Bukitan,"Indonesia, Malaysia",Indonesia,570,True,<1K
155,Buli (bzq),bzq,Buli,Indonesia,Indonesia,2520,True,<10K
156,Bulungan (blj),blj,Bulungan,Indonesia,Indonesia,30000,True,<100K
157,Bungku (bkz),bkz,Bungku,Indonesia,Indonesia,27000,False,<100K
158,Buol (blf),blf,Buol,Indonesia,Indonesia,96000,True,<100K
159,Burate (bti),bti,Burate,Indonesia,Indonesia,100,True,<1K
160,Burmeso (bzu),bzu,Burmeso,Indonesia,Indonesia,250,True,<1K
161,Buru (mhs),mhs,Buru,Indonesia,Indonesia,45000,True,<100K
162,Burumakok (aip),aip,Burumakok,Indonesia,Indonesia,40,True,<100
163,Burusu (bqr),bqr,Burusu,Indonesia,Indonesia,4350,True,<10K
164,Buruwai (asi),asi,Buruwai,Indonesia,Indonesia,1000,True,<10K
165,Busami (bsm),bsm,Busami,Indonesia,Indonesia,700,True,<1K
166,Busang Kayan (bfg),bfg,Busang Kayan,Indonesia,Indonesia,3000,False,<10K
167,Busoa (bup),bup,Busoa,Indonesia,Indonesia,2300,True,<10K
168,Casuarina Coast Asmat (asc),asc,Casuarina Coast Asmat,Indonesia,Indonesia,9000,True,<10K
169,Central Asmat (cns),cns,Central Asmat,Indonesia,Indonesia,7000,True,<10K
170,Central Awyu (awu),awu,Central Awyu,Indonesia,Indonesia,7500,True,<10K
171,Central Malay (pse),pse,Central Malay,Indonesia,Indonesia,1590000,True,<10M
172,Central Masela (mxz),mxz,Central Masela,Indonesia,Indonesia,510,True,<1K
173,Cia-Cia (cia),cia,Cia-Cia,Indonesia,Indonesia,79000,True,<100K
174,Citak (txt),txt,Citak,Indonesia,Indonesia,8000,True,<10K
175,Coastal Konjo (kjc),kjc,Coastal Konjo,Indonesia,Indonesia,125000,True,<1M
176,Col (liw),liw,Col,Indonesia,Indonesia,145000,False,<1M
177,Da’a Kaili (kzf),kzf,Da’a Kaili,Indonesia,Indonesia,55000,True,<100K
178,Dabe (dbe),dbe,Dabe,Indonesia,Indonesia,440,True,<1K
179,Dai (dij),dij,Dai,Indonesia,Indonesia,820,True,<1K
180,Dakka (dkk),dkk,Dakka,Indonesia,Indonesia,1500,False,<10K
181,Damal (uhn),uhn,Damal,Indonesia,Indonesia,14000,True,<100K
182,Dampelas (dms),dms,Dampelas,Indonesia,Indonesia,2000,True,<10K
183,Dao (daz),daz,Dao,Indonesia,Indonesia,250,False,<1K
184,Dawera-Daweloor (ddw),ddw,Dawera-Daweloor,Indonesia,Indonesia,1270,True,<10K
185,Dela-Oenale (row),row,Dela-Oenale,Indonesia,Indonesia,7000,True,<10K
186,Dem (dem),dem,Dem,Indonesia,Indonesia,1000,True,<10K
187,Demisa (dei),dei,Demisa,Indonesia,Indonesia,400,True,<1K
188,Dengka (dnk),dnk,Dengka,Indonesia,Indonesia,20000,False,<100K
189,Dhao (nfa),nfa,Dhao,Indonesia,Indonesia,5000,True,<10K
190,Diebroud (tbp),tbp,Diebroud,Indonesia,Indonesia,300,True,<1K
191,Dineor (mrx),mrx,Dineor,Indonesia,Indonesia,55,True,<100
192,Diuwe (diy),diy,Diuwe,Indonesia,Indonesia,100,True,<1K
193,Dla (kbv),kbv,Dla,Indonesia,Indonesia,1000,True,<10K
194,Dobel (kvo),kvo,Dobel,Indonesia,Indonesia,5680,True,<10K
195,Dondo (dok),dok,Dondo,Indonesia,Indonesia,13000,True,<100K
196,Doutai (tds),tds,Doutai,Indonesia,Indonesia,70,True,<100
197,Duano (dup),dup,Duano,"Indonesia, Malaysia",Indonesia,15000,False,<100K
198,Duri (mvp),mvp,Duri,Indonesia,Indonesia,127000,True,<1M
199,Duriankere (dbn),dbn,Duriankere,Indonesia,Indonesia,30,True,<100
200,Dusner (dsn),dsn,Dusner,Indonesia,Indonesia,3,True,<10
201,Dusun Deyah (dun),dun,Dusun Deyah,Indonesia,Indonesia,20000,True,<100K
202,Dusun Malang (duq),duq,Dusun Malang,Indonesia,Indonesia,4500,True,<10K
203,Dusun Witu (duw),duw,Dusun Witu,Indonesia,Indonesia,5000,True,<10K
204,Duvle (duv),duv,Duvle,Indonesia,Indonesia,930,True,<1K
205,East Damar (dmr),dmr,East Damar,Indonesia,Indonesia,2800,True,<10K
206,East Makian (mky),mky,East Makian,Indonesia,Indonesia,10000,True,<100K
207,East Masela (vme),vme,East Masela,Indonesia,Indonesia,520,True,<1K
208,East Tarangan (tre),tre,East Tarangan,Indonesia,Indonesia,6110,True,<10K
209,Eastern Ngad’a (nea),nea,Eastern Ngad’a,Indonesia,Indonesia,5000,False,<10K
210,Edera Awyu (awy),awy,Edera Awyu,Indonesia,Indonesia,3870,True,<10K
211,Edopi (dbf),dbf,Edopi,Indonesia,Indonesia,1500,True,<10K
212,Ekari (ekg),ekg,Ekari,Indonesia,Indonesia,100000,True,<1M
213,Elseng (mrf),mrf,Elseng,Indonesia,Indonesia,300,True,<1K
214,Embaloh (emb),emb,Embaloh,Indonesia,Indonesia,10000,True,<100K
215,Emem (enr),enr,Emem,Indonesia,Indonesia,2000,True,<10K
216,Emplawas (emw),emw,Emplawas,Indonesia,Indonesia,250,True,<1K
217,Ende (end),end,Ende,Indonesia,Indonesia,110000,True,<1M
218,Enggano (eno),eno,Enggano,Indonesia,Indonesia,1500,True,<10K
219,Enrekang (ptt),ptt,Enrekang,Indonesia,Indonesia,50000,True,<100K
220,Eritai (ert),ert,Eritai,Indonesia,Indonesia,530,True,<1K
221,Erokwanas (erw),erw,Erokwanas,Indonesia,Indonesia,200,True,<1K
222,Fayu (fau),fau,Fayu,Indonesia,Indonesia,1400,True,<10K
223,Fedan (pdn),pdn,Fedan,Indonesia,Indonesia,280,False,<1K
224,Foau (flh),flh,Foau,Indonesia,Indonesia,350,True,<1K
225,Fordata (frd),frd,Fordata,Indonesia,Indonesia,50000,True,<100K
226,Galela (gbi),gbi,Galela,Indonesia,Indonesia,79000,True,<100K
227,Gamkonora (gak),gak,Gamkonora,Indonesia,Indonesia,1500,False,<10K
228,Gane (gzn),gzn,Gane,Indonesia,Indonesia,2900,True,<10K
229,Gayo (gay),gay,Gayo,Indonesia,Indonesia,300000,True,<1M
230,Gebe (gei),gei,Gebe,Indonesia,Indonesia,2650,True,<10K
231,Gerai (gef),gef,Gerai,Indonesia,Indonesia,2100,False,<10K
232,Geser-Gorom (ges),ges,Geser-Gorom,Indonesia,Indonesia,36500,True,<100K
233,Gorap (goq),goq,Gorap,Indonesia,Indonesia,1000,False,<10K
234,Gorontalo (gor),gor,Gorontalo,Indonesia,Indonesia,1000000,True,<10M
235,Gresi (grs),grs,Gresi,Indonesia,Indonesia,2500,True,<10K
236,Haji (hji),hji,Haji,Indonesia,Indonesia,17500,False,<100K
237,Hamap (hmu),hmu,Hamap,Indonesia,Indonesia,900,True,<1K
238,Haruku (hrk),hrk,Haruku,Indonesia,Indonesia,18200,True,<100K
239,Hatam (had),had,Hatam,Indonesia,Indonesia,16000,True,<100K
240,Hawu (hvn),hvn,Hawu,Indonesia,Indonesia,110000,True,<1M
241,Helong (heg),heg,Helong,Indonesia,Indonesia,14000,True,<100K
242,Highland Konjo (kjk),kjk,Highland Konjo,Indonesia,Indonesia,150000,False,<1M
243,Hitu (htu),htu,Hitu,Indonesia,Indonesia,16000,True,<100K
244,Hoti (hti),hti,Hoti,Indonesia,Indonesia,10,False,<100
245,Hovongan (hov),hov,Hovongan,Indonesia,Indonesia,1000,False,<10K
246,Huaulu (hud),hud,Huaulu,Indonesia,Indonesia,300,False,<1K
247,Hukumina (huw),huw,Hukumina,Indonesia,Indonesia,1,True,<10
248,Hulung (huk),huk,Hulung,Indonesia,Indonesia,10,False,<100
249,Hupla (hap),hap,Hupla,Indonesia,Indonesia,3000,False,<10K
250,Iau (tmu),tmu,Iau,Indonesia,Indonesia,600,True,<1K
251,Ibu (ibu),ibu,Ibu,Indonesia,Indonesia,35,False,<100
252,Iha (ihp),ihp,Iha,Indonesia,Indonesia,5500,True,<10K
253,Iha Based Pidgin (ihb),ihb,Iha Based Pidgin,Indonesia,Indonesia,1,False,<10
254,Ile Ape (ila),ila,Ile Ape,Indonesia,Indonesia,15000,True,<100K
255,Ili’uun (ilu),ilu,Ili’uun,Indonesia,Indonesia,1400,True,<10K
256,Imroing (imr),imr,Imroing,Indonesia,Indonesia,560,True,<1K
257,Indonesian (ind),ind,Indonesian,Indonesia,Indonesia,198000000,True,<1B
258,Indonesian Bajau (bdl),bdl,Indonesian Bajau,Indonesia,Indonesia,150000,True,<1M
259,Indonesian Sign Language (inl),inl,Indonesian Sign Language,Indonesia,Indonesia,8000,True,<10K
260,Irarutu (irh),irh,Irarutu,Indonesia,Indonesia,4000,True,<10K
261,Isirawa (srl),srl,Isirawa,Indonesia,Indonesia,1800,True,<10K
262,Itik (itx),itx,Itik,Indonesia,Indonesia,80,True,<100
263,Jair Awyu (awv),awv,Jair Awyu,Indonesia,Indonesia,2300,True,<10K
264,Jambi Malay (jax),jax,Jambi Malay,Indonesia,Indonesia,1000000,True,<10M
265,Jangkang (djo),djo,Jangkang,Indonesia,Indonesia,37000,False,<100K
266,Javanese (jav),jav,Javanese,Indonesia,Indonesia,84300000,True,<100M
267,Javindo (jvd),jvd,Javindo,Indonesia,Indonesia,100,False,<1K
268,Jofotek-Bromnya (jbr),jbr,Jofotek-Bromnya,Indonesia,Indonesia,200,True,<1K
269,Kabola (klz),klz,Kabola,Indonesia,Indonesia,3900,True,<10K
270,Kaburi (uka),uka,Kaburi,Indonesia,Indonesia,600,True,<1K
271,Kadai (kzd),kzd,Kadai,Indonesia,Indonesia,350,False,<1K
272,Kaera (jka),jka,Kaera,Indonesia,Indonesia,5500,True,<10K
273,Kafoa (kpu),kpu,Kafoa,Indonesia,Indonesia,1000,True,<10K
274,Kaibobo (kzb),kzb,Kaibobo,Indonesia,Indonesia,500,False,<1K
275,Kaidipang (kzp),kzp,Kaidipang,Indonesia,Indonesia,26600,True,<100K
276,Kaimbulawa (zka),zka,Kaimbulawa,Indonesia,Indonesia,2200,True,<10K
277,Kais (kzm),kzm,Kais,Indonesia,Indonesia,700,True,<1K
278,Kaiy (tcq),tcq,Kaiy,Indonesia,Indonesia,220,True,<1K
279,Kalabra (kzz),kzz,Kalabra,Indonesia,Indonesia,3290,True,<10K
280,Kalao (kly),kly,Kalao,Indonesia,Indonesia,500,True,<1K
281,Kalumpang (kli),kli,Kalumpang,Indonesia,Indonesia,20000,True,<100K
282,Kamang (woi),woi,Kamang,Indonesia,Indonesia,6000,True,<10K
283,Kamarian (kzx),kzx,Kamarian,Indonesia,Indonesia,10,False,<100
284,Kamaru (kgx),kgx,Kamaru,Indonesia,Indonesia,3500,True,<10K
285,Kambera (xbr),xbr,Kambera,Indonesia,Indonesia,240000,True,<1M
286,Kamberau (irx),irx,Kamberau,Indonesia,Indonesia,1570,True,<10K
287,Kamoro (kgq),kgq,Kamoro,Indonesia,Indonesia,8000,True,<10K
288,Kangean (kkv),kkv,Kangean,Indonesia,Indonesia,110000,True,<1M
289,Kao (kax),kax,Kao,Indonesia,Indonesia,400,False,<1K
290,Kapauri (khp),khp,Kapauri,Indonesia,Indonesia,200,True,<1K
291,Kaptiau (kbi),kbi,Kaptiau,Indonesia,Indonesia,230,True,<1K
292,Karas (kgv),kgv,Karas,Indonesia,Indonesia,240,True,<1K
293,Karey (kyd),kyd,Karey,Indonesia,Indonesia,610,False,<1K
294,Karon Dori (kgw),kgw,Karon Dori,Indonesia,Indonesia,5000,True,<10K
295,Kata Kolok (bqy),bqy,Kata Kolok,Indonesia,Indonesia,1125,False,<10K
296,Kaur (vkk),vkk,Kaur,Indonesia,Indonesia,40000,False,<100K
297,Kaure (bpp),bpp,Kaure,Indonesia,Indonesia,450,True,<1K
298,Kauwera (xau),xau,Kauwera,Indonesia,Indonesia,400,True,<1K
299,Kawe (kgb),kgb,Kawe,Indonesia,Indonesia,600,True,<1K
300,Kayagar (kyt),kyt,Kayagar,Indonesia,Indonesia,10000,True,<100K
301,Kayan Mahakam (xay),xay,Kayan Mahakam,Indonesia,Indonesia,1300,False,<10K
302,Kayan River Kayan (xkn),xkn,Kayan River Kayan,Indonesia,Indonesia,2000,False,<10K
303,Kayeli (kzl),kzl,Kayeli,Indonesia,Indonesia,1,True,<10
304,Kayupulau (kzu),kzu,Kayupulau,Indonesia,Indonesia,50,True,<100
305,Ke’o (xxk),xxk,Ke’o,Indonesia,Indonesia,40000,True,<100K
306,Kedang (ksx),ksx,Kedang,Indonesia,Indonesia,30000,True,<100K
307,Kehu (khh),khh,Kehu,Indonesia,Indonesia,200,True,<1K
308,Kei (kei),kei,Kei,Indonesia,Indonesia,85000,True,<100K
309,Keijar (kdy),kdy,Keijar,Indonesia,Indonesia,370,True,<1K
310,Kelabit (kzi),kzi,Kelabit,"Indonesia, Malaysia",Indonesia,4000,True,<10K
311,Kemberano (bzp),bzp,Kemberano,Indonesia,Indonesia,1500,True,<10K
312,Kembra (xkw),xkw,Kembra,Indonesia,Indonesia,20,True,<100
313,Kemtuik (kmt),kmt,Kemtuik,Indonesia,Indonesia,2500,True,<10K
314,Kendayan (knx),knx,Kendayan,"Indonesia, Malaysia",Indonesia,321000,True,<1M
315,Keninjal (knl),knl,Keninjal,Indonesia,Indonesia,32000,False,<100K
316,Kepo’ (kuk),kuk,Kepo’,Indonesia,Indonesia,6000,False,<10K
317,Kereho (xke),xke,Kereho,Indonesia,Indonesia,500,False,<1K
318,Kerinci (kvr),kvr,Kerinci,Indonesia,Indonesia,260000,True,<1M
319,Ketengban (xte),xte,Ketengban,Indonesia,Indonesia,9970,True,<10K
320,Ketum (ktt),ktt,Ketum,Indonesia,Indonesia,900,True,<1K
321,Kimaghima (kig),kig,Kimaghima,Indonesia,Indonesia,3000,True,<10K
322,Kimki (sbt),sbt,Kimki,Indonesia,Indonesia,500,True,<1K
323,Kioko (ues),ues,Kioko,Indonesia,Indonesia,1000,False,<10K
324,Kirikiri (kiy),kiy,Kirikiri,Indonesia,Indonesia,250,True,<1K
325,Kisar (kje),kje,Kisar,Indonesia,Indonesia,20000,True,<100K
326,Klon (kyo),kyo,Klon,Indonesia,Indonesia,5000,True,<10K
327,Koba (kpd),kpd,Koba,Indonesia,Indonesia,870,False,<1K
328,Kodeoha (vko),vko,Kodeoha,Indonesia,Indonesia,1500,True,<10K
329,Kodi (kod),kod,Kodi,Indonesia,Indonesia,20000,True,<100K
330,Kofei (kpi),kpi,Kofei,Indonesia,Indonesia,100,True,<1K
331,Kohin (kkx),kkx,Kohin,Indonesia,Indonesia,8000,False,<10K
332,Kokoda (xod),xod,Kokoda,Indonesia,Indonesia,3700,True,<10K
333,Kola (kvv),kvv,Kola,Indonesia,Indonesia,7400,True,<10K
334,Kombai (tyn),tyn,Kombai,Indonesia,Indonesia,4000,True,<10K
335,Komering (kge),kge,Komering,Indonesia,Indonesia,470000,True,<1M
336,Komodo (kvh),kvh,Komodo,Indonesia,Indonesia,1730,False,<10K
337,Kompane (kvp),kvp,Kompane,Indonesia,Indonesia,330,False,<1K
338,Komyandaret (kzv),kzv,Komyandaret,Indonesia,Indonesia,300,True,<1K
339,Konda (knd),knd,Konda,Indonesia,Indonesia,500,True,<1K
340,Koneq-koneq (cml),cml,Koneq-koneq,Indonesia,Indonesia,30000,True,<100K
341,Koneraw (kdw),kdw,Koneraw,Indonesia,Indonesia,1200,True,<10K
342,Kopkaka (opk),opk,Kopkaka,Indonesia,Indonesia,400,True,<1K
343,Koroni (xkq),xkq,Koroni,Indonesia,Indonesia,500,True,<1K
344,Korowai (khe),khe,Korowai,Indonesia,Indonesia,3500,True,<10K
345,Korupun-Sela (kpq),kpq,Korupun-Sela,Indonesia,Indonesia,8000,True,<10K
346,Kosare (kiq),kiq,Kosare,Indonesia,Indonesia,250,True,<1K
347,Kosarek Yale (kkl),kkl,Kosarek Yale,Indonesia,Indonesia,2300,True,<10K
348,Kota Bangun Kutai Malay (mqg),mqg,Kota Bangun Kutai Malay,Indonesia,Indonesia,80000,False,<100K
349,Kowiai (kwh),kwh,Kowiai,Indonesia,Indonesia,600,True,<1K
350,Kubu (kvb),kvb,Kubu,Indonesia,Indonesia,10000,True,<100K
351,Kui (kvd),kvd,Kui,Indonesia,Indonesia,4240,True,<10K
352,Kula (tpg),tpg,Kula,Indonesia,Indonesia,5000,True,<10K
353,Kulisusu (vkl),vkl,Kulisusu,Indonesia,Indonesia,22000,True,<100K
354,Kumbewaha (xks),xks,Kumbewaha,Indonesia,Indonesia,3400,True,<10K
355,Kupang Malay (mkn),mkn,Kupang Malay,Indonesia,Indonesia,350000,True,<1M
356,Kur (kuv),kuv,Kur,Indonesia,Indonesia,3180,True,<10K
357,Kuri (nbn),nbn,Kuri,Indonesia,Indonesia,500,True,<1K
358,Kurudu (kjr),kjr,Kurudu,Indonesia,Indonesia,2180,True,<10K
359,Kwer (kwr),kwr,Kwer,Indonesia,Indonesia,100,True,<1K
360,Kwerba (kwe),kwe,Kwerba,Indonesia,Indonesia,2500,True,<10K
361,Kwerba Mamberamo (xwr),xwr,Kwerba Mamberamo,Indonesia,Indonesia,300,True,<1K
362,Kwerisa (kkb),kkb,Kwerisa,Indonesia,Indonesia,15,True,<100
363,Kwesten (kwt),kwt,Kwesten,Indonesia,Indonesia,2000,True,<10K
364,Kwinsu (kuc),kuc,Kwinsu,Indonesia,Indonesia,500,True,<1K
365,Laba (lau),lau,Laba,Indonesia,Indonesia,2000,True,<10K
366,Laha (lhh),lhh,Laha,Indonesia,Indonesia,3890,False,<10K
367,Laiyolo (lji),lji,Laiyolo,Indonesia,Indonesia,800,True,<1K
368,Lamaholot (slp),slp,Lamaholot,Indonesia,Indonesia,180000,True,<1M
369,Lamalera (lmr),lmr,Lamalera,Indonesia,Indonesia,4000,True,<10K
370,Lamatuka (lmq),lmq,Lamatuka,Indonesia,Indonesia,4000,False,<10K
371,Lamboya (lmy),lmy,Lamboya,Indonesia,Indonesia,25000,True,<100K
372,Lampung Api (ljp),ljp,Lampung Api,Indonesia,Indonesia,827000,True,<1M
373,Lampung Nyo (abl),abl,Lampung Nyo,Indonesia,Indonesia,180000,True,<1M
374,Land Dayak (day),day,Land Dayak,Indonesia,Indonesia,520000,True,<1M
375,Larantuka Malay (lrt),lrt,Larantuka Malay,Indonesia,Indonesia,20000,True,<100K
376,Larike-Wakasihu (alo),alo,Larike-Wakasihu,Indonesia,Indonesia,12600,True,<100K
377,Lasalimu (llm),llm,Lasalimu,Indonesia,Indonesia,1700,True,<10K
378,Latu (ltu),ltu,Latu,Indonesia,Indonesia,2130,False,<10K
379,Lauje (law),law,Lauje,Indonesia,Indonesia,44000,True,<100K
380,Lawangan (lbx),lbx,Lawangan,Indonesia,Indonesia,100000,True,<1M
381,Ledo Kaili (lew),lew,Ledo Kaili,Indonesia,Indonesia,350000,True,<1M
382,Legenyem (lcc),lcc,Legenyem,Indonesia,Indonesia,250,True,<1K
383,Lengilu (lgi),lgi,Lengilu,Indonesia,Indonesia,3,True,<10
384,Lepki (lpe),lpe,Lepki,Indonesia,Indonesia,530,True,<1K
385,Leti (lti),lti,Leti,Indonesia,Indonesia,7500,True,<10K
386,Levuka (lvu),lvu,Levuka,Indonesia,Indonesia,4000,False,<10K
387,Lewoeleng (lwe),lwe,Lewoeleng,Indonesia,Indonesia,4000,False,<10K
388,Lewotobi (lwt),lwt,Lewotobi,Indonesia,Indonesia,6000,True,<10K
389,Li’o (ljl),ljl,Li’o,Indonesia,Indonesia,105000,True,<1M
390,Liabuku (lix),lix,Liabuku,Indonesia,Indonesia,75,True,<100
391,Liana-Seti (ste),ste,Liana-Seti,Indonesia,Indonesia,3000,False,<10K
392,Lik (eip),eip,Lik,Indonesia,Indonesia,3000,True,<10K
393,Liki (lio),lio,Liki,Indonesia,Indonesia,11,False,<100
394,Limola (ley),ley,Limola,Indonesia,Indonesia,2000,True,<10K
395,Lisabata-Nuniali (lcs),lcs,Lisabata-Nuniali,Indonesia,Indonesia,1830,False,<10K
396,Lisela (lcl),lcl,Lisela,Indonesia,Indonesia,11900,True,<100K
397,Lola (lcd),lcd,Lola,Indonesia,Indonesia,900,False,<1K
398,Lolak (llq),llq,Lolak,Indonesia,Indonesia,3000,False,<10K
399,Lole (llg),llg,Lole,Indonesia,Indonesia,20000,True,<100K
400,Loloda (loa),loa,Loloda,Indonesia,Indonesia,15000,True,<100K
401,Lorang (lrn),lrn,Lorang,Indonesia,Indonesia,220,False,<1K
402,Loun (lox),lox,Loun,Indonesia,Indonesia,0,False,<10
403,Loura (lur),lur,Loura,Indonesia,Indonesia,10000,True,<100K
404,Lower Grand Valley Dani (dni),dni,Lower Grand Valley Dani,Indonesia,Indonesia,20000,True,<100K
405,Luang (lex),lex,Luang,Indonesia,Indonesia,18000,True,<100K
406,Lubu (lcf),lcf,Lubu,Indonesia,Indonesia,30000,True,<100K
407,Luhu (lcq),lcq,Luhu,Indonesia,Indonesia,6500,False,<10K
408,Ma’anyan (mhy),mhy,Ma’anyan,Indonesia,Indonesia,150000,True,<1M
409,Ma’ya (slz),slz,Ma’ya,Indonesia,Indonesia,4000,True,<10K
410,Maba (mqa),mqa,Maba,Indonesia,Indonesia,6620,False,<10K
411,Madura (mad),mad,Madura,Indonesia,Indonesia,6770000,True,<10M
412,Mai Brat (ayz),ayz,Mai Brat,Indonesia,Indonesia,20000,True,<100K
413,Mainstream Kenyah (xkl),xkl,Mainstream Kenyah,"Indonesia, Malaysia",Indonesia,12000,True,<100K
414,Mairasi (zrs),zrs,Mairasi,Indonesia,Indonesia,3300,True,<10K
415,Maiwa (wmm),wmm,Maiwa,Indonesia,Indonesia,50000,True,<100K
416,Makasar (mak),mak,Makasar,Indonesia,Indonesia,2530000,True,<10M
417,Makassar Indonesian (mfp),mfp,Makassar Indonesian,Indonesia,Indonesia,1880000,False,<10M
418,Maklew (mgf),mgf,Maklew,Indonesia,Indonesia,120,True,<1K
419,Malayic Dayak (xdy),xdy,Malayic Dayak,Indonesia,Indonesia,520000,True,<1M
420,Malimpung (mli),mli,Malimpung,Indonesia,Indonesia,5000,True,<10K
421,Mamasa (mqj),mqj,Mamasa,Indonesia,Indonesia,100000,True,<1M
422,Mamboru (mvd),mvd,Mamboru,Indonesia,Indonesia,10000,True,<100K
423,Mamuju (mqx),mqx,Mamuju,Indonesia,Indonesia,60000,True,<100K
424,Manado Malay (xmm),xmm,Manado Malay,Indonesia,Indonesia,2350000,True,<10M
425,Mandar (mdr),mdr,Mandar,Indonesia,Indonesia,475000,True,<1M
426,Mander (mqr),mqr,Mander,Indonesia,Indonesia,20,True,<100
427,Mandobo Atas (aax),aax,Mandobo Atas,Indonesia,Indonesia,10000,True,<100K
428,Mandobo Bawah (bwp),bwp,Mandobo Bawah,Indonesia,Indonesia,20000,True,<100K
429,Manem (jet),jet,Manem,Indonesia,Indonesia,500,True,<1K
430,Manggarai (mqy),mqy,Manggarai,Indonesia,Indonesia,792000,True,<1M
431,Mangole (mqc),mqc,Mangole,Indonesia,Indonesia,7280,False,<10K
432,Manipa (mqp),mqp,Manipa,Indonesia,Indonesia,1500,False,<10K
433,Manombai (woo),woo,Manombai,Indonesia,Indonesia,9110,True,<10K
434,Mapia (mpy),mpy,Mapia,Indonesia,Indonesia,0,True,<10
435,Marau (mvr),mvr,Marau,Indonesia,Indonesia,1700,False,<10K
436,Marind (mrz),mrz,Marind,Indonesia,Indonesia,7000,True,<10K
437,Mariri (mqi),mqi,Mariri,Indonesia,Indonesia,280,False,<1K
438,Masimasi (ism),ism,Masimasi,Indonesia,Indonesia,10,False,<100
439,Masiwang (bnf),bnf,Masiwang,Indonesia,Indonesia,1000,True,<10K
440,Massep (mvs),mvs,Massep,Indonesia,Indonesia,25,True,<100
441,Matbat (xmt),xmt,Matbat,Indonesia,Indonesia,1250,True,<10K
442,Mateq (xem),xem,Mateq,Indonesia,Indonesia,11000,True,<100K
443,Mawes (mgk),mgk,Mawes,Indonesia,Indonesia,850,True,<1K
444,Mekwei (msf),msf,Mekwei,Indonesia,Indonesia,1200,True,<10K
445,Mendalam Kayan (xkd),xkd,Mendalam Kayan,Indonesia,Indonesia,1500,False,<10K
446,Mentawai (mwv),mwv,Mentawai,Indonesia,Indonesia,58000,True,<100K
447,Meoswar (mvx),mvx,Meoswar,Indonesia,Indonesia,250,True,<1K
448,Mer (mnu),mnu,Mer,Indonesia,Indonesia,85,True,<100
449,Meyah (mej),mej,Meyah,Indonesia,Indonesia,14800,True,<100K
450,Mid Grand Valley Dani (dnt),dnt,Mid Grand Valley Dani,Indonesia,Indonesia,50000,True,<100K
451,Minangkabau (min),min,Minangkabau,Indonesia,Indonesia,5530000,True,<10M
452,Mlap (kja),kja,Mlap,Indonesia,Indonesia,300,True,<1K
453,Mo (wkd),wkd,Mo,Indonesia,Indonesia,550,False,<1K
454,Modang (mxd),mxd,Modang,Indonesia,Indonesia,15300,True,<100K
455,Modole (mqo),mqo,Modole,Indonesia,Indonesia,2000,True,<10K
456,Moi Kelim (mxn),mxn,Moi Kelim,Indonesia,Indonesia,4600,True,<10K
457,Moi Lemas (sbg),sbg,Moi Lemas,Indonesia,Indonesia,1200,True,<10K
458,Moksela (vms),vms,Moksela,Indonesia,Indonesia,0,False,<10
459,Molof (msl),msl,Molof,Indonesia,Indonesia,230,True,<1K
460,Moma (myl),myl,Moma,Indonesia,Indonesia,5500,True,<10K
461,Mombum (mso),mso,Mombum,Indonesia,Indonesia,250,True,<1K
462,Momina (mmb),mmb,Momina,Indonesia,Indonesia,200,True,<1K
463,Momuna (mqf),mqf,Momuna,Indonesia,Indonesia,2000,True,<10K
464,Mongondow (mog),mog,Mongondow,Indonesia,Indonesia,230000,True,<1M
465,Moni (mnz),mnz,Moni,Indonesia,Indonesia,20000,True,<100K
466,Mor (mhz),mhz,Mor,Indonesia,Indonesia,700,True,<1K
467,Mor (moq),moq,Mor,Indonesia,Indonesia,30,True,<100
468,Moraid (msg),msg,Moraid,Indonesia,Indonesia,1000,True,<10K
469,Mori Atas (mzq),mzq,Mori Atas,Indonesia,Indonesia,14000,True,<100K
470,Mori Bawah (xmz),xmz,Mori Bawah,Indonesia,Indonesia,14000,True,<100K
471,Moronene (mqn),mqn,Moronene,Indonesia,Indonesia,37000,True,<100K
472,Morop (iwo),iwo,Morop,Indonesia,Indonesia,6900,True,<10K
473,Morori (mok),mok,Morori,Indonesia,Indonesia,50,True,<100
474,Moskona (mtj),mtj,Moskona,Indonesia,Indonesia,8000,True,<10K
475,Mpur (akc),akc,Mpur,Indonesia,Indonesia,7000,True,<10K
476,Mualang (mtd),mtd,Mualang,Indonesia,Indonesia,40000,True,<100K
477,Muna (mnb),mnb,Muna,Indonesia,Indonesia,300000,True,<1M
478,Munggui (mth),mth,Munggui,Indonesia,Indonesia,800,True,<1K
479,Murkim (rmh),rmh,Murkim,Indonesia,Indonesia,290,True,<1K
480,Musi (mui),mui,Musi,Indonesia,Indonesia,3105000,True,<10M
481,Nafri (nxx),nxx,Nafri,Indonesia,Indonesia,1630,True,<10K
482,Nage (nxe),nxe,Nage,Indonesia,Indonesia,50000,True,<100K
483,Naka’ela (nae),nae,Naka’ela,Indonesia,Indonesia,5,False,<10
484,Nakai (nkj),nkj,Nakai,Indonesia,Indonesia,700,True,<1K
485,Nalca (nlc),nlc,Nalca,Indonesia,Indonesia,16000,True,<100K
486,Namla (naa),naa,Namla,Indonesia,Indonesia,30,True,<100
487,Napu (npy),npy,Napu,Indonesia,Indonesia,6100,True,<10K
488,Nasal (nsy),nsy,Nasal,Indonesia,Indonesia,3000,True,<10K
489,Ndom (nqm),nqm,Ndom,Indonesia,Indonesia,1200,True,<10K
490,Nduga (ndx),ndx,Nduga,Indonesia,Indonesia,10000,True,<100K
491,Nedebang (nec),nec,Nedebang,Indonesia,Indonesia,200,True,<1K
492,Ngad’a (nxg),nxg,Ngad’a,Indonesia,Indonesia,60000,True,<100K
493,Ngaju (nij),nij,Ngaju,Indonesia,Indonesia,890000,True,<1M
494,Ngalum (szb),szb,Ngalum,Indonesia,Indonesia,10000,True,<100K
495,Ngapak Javanese (map_bms),map_bms,Ngapak Javanese,Indonesia,Indonesia,-,True,N/A
496,Nggem (nbq),nbq,Nggem,Indonesia,Indonesia,4400,True,<10K
497,Ngkâlmpw Kanum (kcd),kcd,Ngkâlmpw Kanum,Indonesia,Indonesia,150,True,<1K
498,Nias (nia),nia,Nias,Indonesia,Indonesia,770000,True,<1M
499,Nila (nil),nil,Nila,Indonesia,Indonesia,0,True,<10
500,Nimboran (nir),nir,Nimboran,Indonesia,Indonesia,2000,True,<10K
501,Ninggerum (nxr),nxr,Ninggerum,Indonesia,Indonesia,5150,True,<10K
502,Ninia Yali (nlk),nlk,Ninia Yali,Indonesia,Indonesia,10500,False,<100K
503,Nipsan (nps),nps,Nipsan,Indonesia,Indonesia,2500,False,<10K
504,Nisa (njs),njs,Nisa,Indonesia,Indonesia,500,False,<1K
505,North Asmat (nks),nks,North Asmat,Indonesia,Indonesia,1000,True,<10K
506,North Awyu (yir),yir,North Awyu,Indonesia,Indonesia,1500,True,<10K
507,North Babar (bcd),bcd,North Babar,Indonesia,Indonesia,1000,True,<10K
508,North Moluccan Malay (max),max,North Moluccan Malay,Indonesia,Indonesia,1000000,True,<10M
509,North Muyu (kti),kti,North Muyu,Indonesia,Indonesia,8000,True,<10K
510,North Nuaulu (nni),nni,North Nuaulu,Indonesia,Indonesia,500,False,<1K
511,Nusa Laut (nul),nul,Nusa Laut,Indonesia,Indonesia,10,True,<100
512,Obokuitai (afz),afz,Obokuitai,Indonesia,Indonesia,120,True,<1K
513,Oirata (oia),oia,Oirata,Indonesia,Indonesia,1220,True,<10K
514,Okolod (kqv),kqv,Okolod,"Indonesia, Malaysia",Indonesia,3390,False,<10K
515,Onin (oni),oni,Onin,Indonesia,Indonesia,500,True,<1K
516,Onin Based Pidgin (onx),onx,Onin Based Pidgin,Indonesia,Indonesia,0,False,<10
517,Ormu (orz),orz,Ormu,Indonesia,Indonesia,500,True,<1K
518,Orya (ury),ury,Orya,Indonesia,Indonesia,1600,True,<10K
519,Osing (osi),osi,Osing,Indonesia,Indonesia,300000,False,<1M
520,Ot Danum (otd),otd,Ot Danum,Indonesia,Indonesia,78800,True,<100K
521,Padoe (pdo),pdo,Padoe,Indonesia,Indonesia,5000,True,<10K
522,Pagu (pgu),pgu,Pagu,Indonesia,Indonesia,3310,True,<10K
523,Paku (pku),pku,Paku,Indonesia,Indonesia,3500,True,<10K
524,Palu’e (ple),ple,Palu’e,Indonesia,Indonesia,10000,True,<100K
525,Pamona (pmf),pmf,Pamona,Indonesia,Indonesia,137000,True,<1M
526,Panasuan (psn),psn,Panasuan,Indonesia,Indonesia,800,True,<1K
527,Pancana (pnp),pnp,Pancana,Indonesia,Indonesia,6000,True,<10K
528,Pannei (pnc),pnc,Pannei,Indonesia,Indonesia,9000,False,<10K
529,Papasena (pas),pas,Papasena,Indonesia,Indonesia,400,True,<1K
530,Papuan Malay (pmy),pmy,Papuan Malay,Indonesia,Indonesia,1100000,True,<10M
531,Papuma (ppm),ppm,Papuma,Indonesia,Indonesia,600,True,<1K
532,Pass Valley Yali (yac),yac,Pass Valley Yali,Indonesia,Indonesia,5000,True,<10K
533,Patani (ptn),ptn,Patani,Indonesia,Indonesia,10600,True,<100K
534,Paulohi (plh),plh,Paulohi,Indonesia,Indonesia,50,True,<100
535,Pekal (pel),pel,Pekal,Indonesia,Indonesia,30000,False,<100K
536,Pendau (ums),ums,Pendau,Indonesia,Indonesia,4500,True,<10K
537,Perai (wet),wet,Perai,Indonesia,Indonesia,280,True,<1K
538,Peranakan Indonesian (pea),pea,Peranakan Indonesian,Indonesia,Indonesia,20000,True,<100K
539,Petjo (pey),pey,Petjo,Indonesia,Indonesia,11,False,<100
540,Pom (pmo),pmo,Pom,Indonesia,Indonesia,2000,True,<10K
541,Ponosakan (pns),pns,Ponosakan,Indonesia,Indonesia,10,False,<100
542,Punan Aput (pud),pud,Punan Aput,Indonesia,Indonesia,370,False,<1K
543,Punan Merah (puf),puf,Punan Merah,Indonesia,Indonesia,140,False,<1K
544,Punan Merap (puc),puc,Punan Merap,Indonesia,Indonesia,200,False,<1K
545,Punan Tubu (puj),puj,Punan Tubu,Indonesia,Indonesia,2000,False,<10K
546,Puragi (pru),pru,Puragi,Indonesia,Indonesia,700,True,<1K
547,Putoh (put),put,Putoh,Indonesia,Indonesia,6000,False,<10K
548,Rahambuu (raz),raz,Rahambuu,Indonesia,Indonesia,5000,True,<10K
549,Rajong (rjg),rjg,Rajong,Indonesia,Indonesia,6000,False,<10K
550,Rampi (lje),lje,Rampi,Indonesia,Indonesia,10000,True,<100K
551,Rara Bakati’ (lra),lra,Rara Bakati’,"Indonesia, Malaysia",Indonesia,11300,True,<100K
552,Rasawa (rac),rac,Rasawa,Indonesia,Indonesia,200,True,<1K
553,Ratahan (rth),rth,Ratahan,Indonesia,Indonesia,500,True,<1K
554,Rejang (rej),rej,Rejang,Indonesia,Indonesia,350000,True,<1M
555,Rembong (reb),reb,Rembong,Indonesia,Indonesia,5000,False,<10K
556,Reta (ret),ret,Reta,Indonesia,Indonesia,800,True,<1K
557,Riantana (ran),ran,Riantana,Indonesia,Indonesia,1100,True,<10K
558,Ribun (rir),rir,Ribun,Indonesia,Indonesia,45000,False,<100K
559,Rikou (rgu),rgu,Rikou,Indonesia,Indonesia,12000,True,<100K
560,Riung (riu),riu,Riung,Indonesia,Indonesia,14000,False,<100K
561,Roma (rmm),rmm,Roma,Indonesia,Indonesia,1700,True,<10K
562,Rongga (ror),ror,Rongga,Indonesia,Indonesia,4000,True,<10K
563,Roon (rnn),rnn,Roon,Indonesia,Indonesia,1100,True,<10K
564,Sa’ban (snv),snv,Sa’ban,"Indonesia, Malaysia",Indonesia,1110,True,<10K
565,Sahu (saj),saj,Sahu,Indonesia,Indonesia,7500,True,<10K
566,Sajau Basap (sjb),sjb,Sajau Basap,Indonesia,Indonesia,6000,False,<10K
567,Salas (sgu),sgu,Salas,Indonesia,Indonesia,50,True,<100
568,Salawati (xmx),xmx,Salawati,Indonesia,Indonesia,600,False,<1K
569,Saleman (sau),sau,Saleman,Indonesia,Indonesia,4800,False,<10K
570,Saluan (loe),loe,Saluan,Indonesia,Indonesia,76000,True,<100K
571,Samarokena (tmj),tmj,Samarokena,Indonesia,Indonesia,400,True,<1K
572,Sanggau (scg),scg,Sanggau,Indonesia,Indonesia,45000,False,<100K
573,Sangir (sxn),sxn,Sangir,Indonesia,Indonesia,200000,True,<1M
574,Saparua (spr),spr,Saparua,Indonesia,Indonesia,10200,True,<100K
575,Saponi (spi),spi,Saponi,Indonesia,Indonesia,4,True,<10
576,Sara Bakati’ (sre),sre,Sara Bakati’,Indonesia,Indonesia,4000,True,<10K
577,Sarudu (sdu),sdu,Sarudu,Indonesia,Indonesia,4000,True,<10K
578,Sasak (sas),sas,Sasak,Indonesia,Indonesia,2100000,True,<10M
579,Sauri (srt),srt,Sauri,Indonesia,Indonesia,100,False,<1K
580,Sause (sao),sao,Sause,Indonesia,Indonesia,250,True,<1K
581,Sawai (szw),szw,Sawai,Indonesia,Indonesia,12000,True,<100K
582,Saweru (swr),swr,Saweru,Indonesia,Indonesia,300,True,<1K
583,Sawi (saw),saw,Sawi,Indonesia,Indonesia,3500,True,<10K
584,Sawila (swt),swt,Sawila,Indonesia,Indonesia,3000,True,<10K
585,Seberuang (sbx),sbx,Seberuang,Indonesia,Indonesia,37000,False,<100K
586,Sedoa (tvw),tvw,Sedoa,Indonesia,Indonesia,900,True,<1K
587,Segai (sge),sge,Segai,Indonesia,Indonesia,2000,True,<10K
588,Seit-Kaitetu (hik),hik,Seit-Kaitetu,Indonesia,Indonesia,10200,False,<100K
589,Sekak (lce),lce,Sekak,Indonesia,Indonesia,420,False,<1K
590,Sekar (skz),skz,Sekar,Indonesia,Indonesia,450,True,<1K
591,Seko Padang (skx),skx,Seko Padang,Indonesia,Indonesia,5000,False,<10K
592,Seko Tengah (sko),sko,Seko Tengah,Indonesia,Indonesia,2500,True,<10K
593,Selaru (slu),slu,Selaru,Indonesia,Indonesia,8000,True,<10K
594,Selayar (sly),sly,Selayar,Indonesia,Indonesia,128000,True,<1M
595,Selungai Murut (slg),slg,Selungai Murut,"Indonesia, Malaysia",Indonesia,640,True,<1K
596,Seluwasan (sws),sws,Seluwasan,Indonesia,Indonesia,2840,False,<10K
597,Semandang (sdq),sdq,Semandang,Indonesia,Indonesia,100000,False,<1M
598,Sembakung Murut (sbr),sbr,Sembakung Murut,"Indonesia, Malaysia",Indonesia,3180,False,<10K
599,Semimi (etz),etz,Semimi,Indonesia,Indonesia,1000,True,<10K
600,Sempan (xse),xse,Sempan,Indonesia,Indonesia,1000,True,<10K
601,Sentani (set),set,Sentani,Indonesia,Indonesia,30000,True,<100K
602,Sepa (spb),spb,Sepa,Indonesia,Indonesia,2600,True,<10K
603,Serili (sve),sve,Serili,Indonesia,Indonesia,330,True,<1K
604,Serua (srw),srw,Serua,Indonesia,Indonesia,0,True,<10
605,Serui-Laut (seu),seu,Serui-Laut,Indonesia,Indonesia,1200,True,<10K
606,Siang (sya),sya,Siang,Indonesia,Indonesia,60000,True,<100K
607,Sika (ski),ski,Sika,Indonesia,Indonesia,175000,True,<1M
608,Sikaritai (tty),tty,Sikaritai,Indonesia,Indonesia,2000,True,<10K
609,Sikule (skh),skh,Sikule,Indonesia,Indonesia,19800,True,<100K
610,Silimo (wul),wul,Silimo,Indonesia,Indonesia,5000,True,<10K
611,Simeulue (smr),smr,Simeulue,Indonesia,Indonesia,40300,True,<100K
612,Skou (skv),skv,Skou,Indonesia,Indonesia,700,True,<1K
613,Smärky Kanum (kxq),kxq,Smärky Kanum,Indonesia,Indonesia,80,True,<100
614,So’a (ssq),ssq,So’a,Indonesia,Indonesia,10000,True,<100K
615,Sobei (sob),sob,Sobei,Indonesia,Indonesia,1000,True,<10K
616,Sota Kanum (krz),krz,Sota Kanum,Indonesia,Indonesia,100,True,<1K
617,Sou Nama (tlt),tlt,Sou Nama,Indonesia,Indonesia,17000,True,<100K
618,Sou Upaa (wha),wha,Sou Upaa,Indonesia,Indonesia,7000,False,<10K
619,Sougb (mnx),mnx,Sougb,Indonesia,Indonesia,12000,True,<100K
620,South Awyu (aws),aws,South Awyu,Indonesia,Indonesia,9340,True,<10K
621,South Lembata (lmf),lmf,South Lembata,Indonesia,Indonesia,7000,False,<10K
622,South Muyu (kts),kts,South Muyu,Indonesia,Indonesia,4000,True,<10K
623,South Nuaulu (nxl),nxl,South Nuaulu,Indonesia,Indonesia,1500,True,<10K
624,Southeast Babar (vbb),vbb,Southeast Babar,Indonesia,Indonesia,4460,True,<10K
625,Southern Tidung (itd),itd,Southern Tidung,"Indonesia, Malaysia",Indonesia,27000,True,<100K
626,Sowanda (sow),sow,Sowanda,Indonesia,Indonesia,970,True,<1K
627,Sowari (dmy),dmy,Sowari,Indonesia,Indonesia,1300,True,<10K
628,Suabo (szp),szp,Suabo,Indonesia,Indonesia,1100,True,<10K
629,Sula (szn),szn,Sula,Indonesia,Indonesia,20000,False,<100K
630,Sumbawa (smw),smw,Sumbawa,Indonesia,Indonesia,300000,True,<1M
631,Sunda (sun),sun,Sunda,Indonesia,Indonesia,34000000,True,<100M
632,Sunum (ymn),ymn,Sunum,Indonesia,Indonesia,560,False,<1K
633,Suwawa (swu),swu,Suwawa,Indonesia,Indonesia,5000,False,<10K
634,Tabaru (tby),tby,Tabaru,Indonesia,Indonesia,15000,True,<100K
635,Tabla (tnm),tnm,Tabla,Indonesia,Indonesia,3750,True,<10K
636,Tado (klw),klw,Tado,Indonesia,Indonesia,2400,True,<10K
637,Tae’ (rob),rob,Tae’,Indonesia,Indonesia,340000,True,<1M
638,Tagal Murut (mvv),mvv,Tagal Murut,"Indonesia, Malaysia",Indonesia,20000,False,<100K
639,Taikat (aos),aos,Taikat,Indonesia,Indonesia,500,True,<1K
640,Taje (pee),pee,Taje,Indonesia,Indonesia,350,True,<1K
641,Tajio (tdj),tdj,Tajio,Indonesia,Indonesia,12000,True,<100K
642,Talaud (tld),tld,Talaud,Indonesia,Indonesia,82000,True,<100K
643,Taliabu (tlv),tlv,Taliabu,Indonesia,Indonesia,4520,True,<10K
644,Taloki (tlk),tlk,Taloki,Indonesia,Indonesia,550,True,<1K
645,Talondo’ (tln),tln,Talondo’,Indonesia,Indonesia,1200,False,<10K
646,Tamagario (tcg),tcg,Tamagario,Indonesia,Indonesia,3500,True,<10K
647,Taman (tmn),tmn,Taman,Indonesia,Indonesia,30000,True,<100K
648,Tambora (xxt),xxt,Tambora,Indonesia,Indonesia,0,True,<10
649,Tamnim Citak (tml),tml,Tamnim Citak,Indonesia,Indonesia,290,True,<1K
650,Tanahmerah (tcm),tcm,Tanahmerah,Indonesia,Indonesia,500,True,<1K
651,Tandia (tni),tni,Tandia,Indonesia,Indonesia,2,True,<10
652,Tangko (tkx),tkx,Tangko,Indonesia,Indonesia,100,True,<1K
653,Tarpia (tpf),tpf,Tarpia,Indonesia,Indonesia,630,True,<1K
654,Tause (tad),tad,Tause,Indonesia,Indonesia,300,True,<1K
655,Tawoyan (twy),twy,Tawoyan,Indonesia,Indonesia,20000,True,<100K
656,Te’un (tve),tve,Te’un,Indonesia,Indonesia,1200,True,<10K
657,Tebi (dmu),dmu,Tebi,Indonesia,Indonesia,220,True,<1K
658,Tefaro (tfo),tfo,Tefaro,Indonesia,Indonesia,100,True,<1K
659,Tehit (kps),kps,Tehit,Indonesia,Indonesia,10000,True,<100K
660,Teiwa (twe),twe,Teiwa,Indonesia,Indonesia,4000,True,<10K
661,Tela-Masbuar (tvm),tvm,Tela-Masbuar,Indonesia,Indonesia,1050,True,<10K
662,Tenggarong Kutai Malay (vkt),vkt,Tenggarong Kutai Malay,Indonesia,Indonesia,210000,False,<1M
663,Tengger (tes),tes,Tengger,Indonesia,Indonesia,80000,True,<100K
664,Teor (tev),tev,Teor,Indonesia,Indonesia,1100,False,<10K
665,Tereweng (twg),twg,Tereweng,Indonesia,Indonesia,800,True,<1K
666,Termanu (twu),twu,Termanu,Indonesia,Indonesia,30000,True,<100K
667,Ternate (tft),tft,Ternate,Indonesia,Indonesia,62000,True,<100K
668,Ternateño (tmg),tmg,Ternateño,Indonesia,Indonesia,3000,True,<10K
669,Tidore (tvo),tvo,Tidore,Indonesia,Indonesia,46000,True,<100K
670,Tii (txq),txq,Tii,Indonesia,Indonesia,20000,True,<100K
671,Tobati (tti),tti,Tobati,Indonesia,Indonesia,100,True,<1K
672,Tobelo (tlb),tlb,Tobelo,Indonesia,Indonesia,27700,True,<100K
673,Tofanma (tlg),tlg,Tofanma,Indonesia,Indonesia,250,True,<1K
674,Tolaki (lbw),lbw,Tolaki,Indonesia,Indonesia,331000,True,<1M
675,Tomadino (tdi),tdi,Tomadino,Indonesia,Indonesia,600,True,<1K
676,Tombelala (ttp),ttp,Tombelala,Indonesia,Indonesia,1100,False,<10K
677,Tombulu (tom),tom,Tombulu,Indonesia,Indonesia,60000,True,<100K
678,Tomini (txm),txm,Tomini,Indonesia,Indonesia,30000,True,<100K
679,Tondano (tdn),tdn,Tondano,Indonesia,Indonesia,92000,True,<100K
680,Tonsawang (tnw),tnw,Tonsawang,Indonesia,Indonesia,20000,True,<100K
681,Tonsea (txs),txs,Tonsea,Indonesia,Indonesia,90000,True,<100K
682,Tontemboan (tnt),tnt,Tontemboan,Indonesia,Indonesia,150000,True,<1M
683,Topoiyo (toy),toy,Topoiyo,Indonesia,Indonesia,450,True,<1K
684,Toraja-Sa’dan (sda),sda,Toraja-Sa’dan,Indonesia,Indonesia,750000,True,<1M
685,Totoli (txe),txe,Totoli,Indonesia,Indonesia,25000,True,<100K
686,Towei (ttn),ttn,Towei,Indonesia,Indonesia,120,True,<1K
687,Trimuris (tip),tip,Trimuris,Indonesia,Indonesia,300,False,<1K
688,Tsaukambo (kvz),kvz,Tsaukambo,Indonesia,Indonesia,780,True,<1K
689,Tugun (tzn),tzn,Tugun,Indonesia,Indonesia,1200,True,<10K
690,Tugutil (tuj),tuj,Tugutil,Indonesia,Indonesia,2590,False,<10K
691,Tukang Besi North (khc),khc,Tukang Besi North,Indonesia,Indonesia,120000,True,<1M
692,Tukang Besi South (bhq),bhq,Tukang Besi South,Indonesia,Indonesia,130000,True,<1M
693,Tulehu (tlu),tlu,Tulehu,Indonesia,Indonesia,18800,True,<100K
694,Tunggare (trt),trt,Tunggare,Indonesia,Indonesia,500,True,<1K
695,Tunjung (tjg),tjg,Tunjung,Indonesia,Indonesia,50000,True,<100K
696,Uab Meto (aoz),aoz,Uab Meto,Indonesia,Indonesia,700000,True,<1M
697,Ujir (udj),udj,Ujir,Indonesia,Indonesia,1030,True,<10K
698,Ulumanda’ (ulm),ulm,Ulumanda’,Indonesia,Indonesia,30000,True,<100K
699,Uma (ppk),ppk,Uma,Indonesia,Indonesia,20000,True,<100K
700,Uma’ Lasan (xky),xky,Uma’ Lasan,"Indonesia, Malaysia",Indonesia,1250,False,<10K
701,Uma’ Lung (ulu),ulu,Uma’ Lung,Indonesia,Indonesia,3000,False,<10K
702,Una (mtg),mtg,Una,Indonesia,Indonesia,5600,True,<10K
703,Unde Kaili (unz),unz,Unde Kaili,Indonesia,Indonesia,25000,False,<100K
704,Upper Grand Valley Dani (dna),dna,Upper Grand Valley Dani,Indonesia,Indonesia,20000,True,<100K
705,Uruangnirin (urn),urn,Uruangnirin,Indonesia,Indonesia,400,True,<1K
706,Usku (ulf),ulf,Usku,Indonesia,Indonesia,110,True,<1K
707,Viid (snu),snu,Viid,Indonesia,Indonesia,250,True,<1K
708,Vitou (vto),vto,Vitou,Indonesia,Indonesia,630,True,<1K
709,Wabo (wbb),wbb,Wabo,Indonesia,Indonesia,1500,True,<10K
710,Wae Rana (wrx),wrx,Wae Rana,Indonesia,Indonesia,3000,False,<10K
711,Wahau Kayan (whu),whu,Wahau Kayan,Indonesia,Indonesia,500,False,<1K
712,Wahau Kenyah (whk),whk,Wahau Kenyah,Indonesia,Indonesia,8000,True,<10K
713,Waioli (wli),wli,Waioli,Indonesia,Indonesia,3000,False,<10K
714,Walak (wlw),wlw,Walak,Indonesia,Indonesia,20000,True,<100K
715,Wambon (wms),wms,Wambon,Indonesia,Indonesia,3000,True,<10K
716,Wamesa (wad),wad,Wamesa,Indonesia,Indonesia,5000,True,<10K
717,Wanggom (wng),wng,Wanggom,Indonesia,Indonesia,1180,True,<10K
718,Wano (wno),wno,Wano,Indonesia,Indonesia,1000,True,<10K
719,Wanukaka (wnk),wnk,Wanukaka,Indonesia,Indonesia,10000,True,<100K
720,Warembori (wsa),wsa,Warembori,Indonesia,Indonesia,620,True,<1K
721,Wares (wai),wai,Wares,Indonesia,Indonesia,200,True,<1K
722,Waris (wrs),wrs,Waris,Indonesia,Indonesia,2500,True,<10K
723,Waritai (wbe),wbe,Waritai,Indonesia,Indonesia,150,True,<1K
724,Warkay-Bipim (bgv),bgv,Warkay-Bipim,Indonesia,Indonesia,300,True,<1K
725,Waropen (wrp),wrp,Waropen,Indonesia,Indonesia,6000,True,<10K
726,Waru (wru),wru,Waru,Indonesia,Indonesia,350,True,<1K
727,Watubela (wah),wah,Watubela,Indonesia,Indonesia,4000,True,<10K
728,Wauyai (wuy),wuy,Wauyai,Indonesia,Indonesia,300,True,<1K
729,Wawonii (wow),wow,Wawonii,Indonesia,Indonesia,30000,True,<100K
730,Wejewa (wew),wew,Wejewa,Indonesia,Indonesia,55000,True,<100K
731,Wemale (weo),weo,Wemale,Indonesia,Indonesia,6000,True,<10K
732,Wersing (kvw),kvw,Wersing,Indonesia,Indonesia,3700,True,<10K
733,West Damar (drn),drn,West Damar,Indonesia,Indonesia,800,True,<1K
734,West Lembata (lmj),lmj,West Lembata,Indonesia,Indonesia,8000,False,<10K
735,West Makian (mqs),mqs,West Makian,Indonesia,Indonesia,12000,True,<100K
736,West Masela (mss),mss,West Masela,Indonesia,Indonesia,850,True,<1K
737,West Tarangan (txn),txn,West Tarangan,Indonesia,Indonesia,7910,True,<10K
738,Western Dani (dnw),dnw,Western Dani,Indonesia,Indonesia,180000,True,<1M
739,Western Pantar (lev),lev,Western Pantar,Indonesia,Indonesia,10804,True,<100K
740,Woi (wbw),wbw,Woi,Indonesia,Indonesia,1800,True,<10K
741,Wolani (wod),wod,Wolani,Indonesia,Indonesia,5000,True,<10K
742,Wolio (wlo),wlo,Wolio,Indonesia,Indonesia,65000,True,<100K
743,Woria (wor),wor,Woria,Indonesia,Indonesia,5,True,<10
744,Wotu (wtw),wtw,Wotu,Indonesia,Indonesia,500,True,<1K
745,Yahadian (ner),ner,Yahadian,Indonesia,Indonesia,500,True,<1K
746,Yalahatan (jal),jal,Yalahatan,Indonesia,Indonesia,1700,False,<10K
747,Yamdena (jmd),jmd,Yamdena,Indonesia,Indonesia,25000,True,<100K
748,Yaosakor Asmat (asy),asy,Yaosakor Asmat,Indonesia,Indonesia,2000,True,<10K
749,Yaqay (jaq),jaq,Yaqay,Indonesia,Indonesia,10000,True,<100K
750,Yarsun (yrs),yrs,Yarsun,Indonesia,Indonesia,200,False,<1K
751,Yaur (jau),jau,Yaur,Indonesia,Indonesia,350,True,<1K
752,Yawa (yva),yva,Yawa,Indonesia,Indonesia,10000,True,<100K
753,Yei (jei),jei,Yei,Indonesia,Indonesia,2390,True,<10K
754,Yelmek (jel),jel,Yelmek,Indonesia,Indonesia,400,True,<1K
755,Yeresiam (ire),ire,Yeresiam,Indonesia,Indonesia,70,True,<100
756,Yeretuar (gop),gop,Yeretuar,Indonesia,Indonesia,350,True,<1K
757,Yetfa (yet),yet,Yetfa,Indonesia,Indonesia,1400,True,<10K
758,Yoke (yki),yki,Yoke,Indonesia,Indonesia,200,True,<1K
759,Zorop (wfg),wfg,Zorop,Indonesia,Laos,230,True,<1K
760,Akha (ahk),ahk,Akha,"Laos, Myanmar, Thailand",Laos,200000,True,<1M
761,Alak (alk),alk,Alak,Laos,Laos,4000,True,<10K
762,Arem (aem),aem,Arem,"Laos, Vietnam",Laos,20,True,<100
763,Bit (bgk),bgk,Bit,Laos,Laos,1960,True,<10K
764,Bo (bgl),bgl,Bo,Laos,Laos,2950,True,<10K
765,Chepya (ycp),ycp,Chepya,Laos,Laos,2000,False,<10K
766,Chut (scb),scb,Chut,"Laos, Vietnam",Laos,1050,True,<10K
767,Con (cno),cno,Con,Laos,Laos,1000,False,<10K
768,Eastern Bru (bru),bru,Eastern Bru,"Laos, Vietnam",Laos,26700,True,<100K
769,Halang Doan (hld),hld,Halang Doan,"Laos, Vietnam",Laos,2000,False,<10K
770,Hani (hni),hni,Hani,"Laos, Vietnam",Laos,740000,True,<1M
771,Hmong Njua (hnj),hnj,Hmong Njua,"Laos, Thailand, Vietnam",Laos,100000,True,<1M
772,Hung (hnu),hnu,Hung,"Laos, Vietnam",Laos,2000,True,<10K
773,Ir (irr),irr,Ir,Laos,Laos,4420,True,<10K
774,Iu Mien (ium),ium,Iu Mien,"Laos, Vietnam",Laos,383000,True,<1M
775,Jeh (jeh),jeh,Jeh,"Laos, Vietnam",Laos,15200,True,<100K
776,Kaduo (ktp),ktp,Kaduo,Laos,Laos,180000,True,<1M
777,Kang (kyp),kyp,Kang,Laos,Laos,47600,True,<100K
778,Khmu (kjg),kjg,Khmu,"Laos, Thailand, Vietnam",Laos,708000,True,<1M
779,Khua (xhv),xhv,Khua,"Laos, Vietnam",Laos,3000,False,<10K
780,Khuen (khf),khf,Khuen,Laos,Laos,8000,False,<10K
781,Kiorr (xko),xko,Kiorr,Laos,Laos,2360,False,<10K
782,Kriang (ngt),ngt,Kriang,Laos,Laos,12900,True,<100K
783,Kuan (uan),uan,Kuan,Laos,Laos,2500,False,<10K
784,Lahu (lhu),lhu,Lahu,"Laos, Myanmar",Laos,280000,True,<1M
785,Laopang (lbg),lbg,Laopang,Laos,Laos,9550,False,<10K
786,Laos Sign Language (lso),lso,Laos Sign Language,Laos,Laos,36000,False,<100K
787,Laven (lbo),lbo,Laven,Laos,Laos,28100,True,<100K
788,Lavi (lvi),lvi,Lavi,Laos,Laos,500,True,<1K
789,Lower Ta’oih (tto),tto,Lower Ta’oih,Laos,Laos,15800,False,<100K
790,Lü (khb),khb,Lü,"Laos, Myanmar",Laos,280000,True,<1M
791,Mal (mlf),mlf,Mal,"Laos, Thailand",Laos,23200,True,<100K
792,Maleng (pkt),pkt,Maleng,"Laos, Vietnam",Laos,500,True,<1K
793,Mlabri (mra),mra,Mlabri,"Laos, Thailand",Laos,130,True,<1K
794,Ngoaun (nuo),nuo,Ngoaun,"Laos, Vietnam",Laos,1000,False,<10K
795,Northern Katang (ncq),ncq,Northern Katang,Laos,Laos,65000,False,<100K
796,Northern Thai (nod),nod,Northern Thai,"Laos, Thailand",Thailand,6000000,True,<10M
797,Nyaheun (nev),nev,Nyaheun,Laos,Laos,3960,True,<10K
798,O’du (tyh),tyh,O’du,"Laos, Vietnam",Laos,300,True,<1K
799,Ong (oog),oog,Ong,Laos,Laos,10300,True,<100K
800,Oy (oyb),oyb,Oy,Laos,Laos,23500,True,<100K
801,Pacoh (pac),pac,Pacoh,"Laos, Vietnam",Laos,16000,True,<100K
802,Phana’ (phq),phq,Phana’,Laos,Laos,350,True,<1K
803,Phong-Kniang (pnx),pnx,Phong-Kniang,Laos,Laos,1000,True,<10K
804,Phu Thai (pht),pht,Phu Thai,"Laos, Thailand, Vietnam",Thailand,470000,False,<1M
805,Phuan (phu),phu,Phuan,"Laos, Thailand",Laos,200000,False,<1M
806,Phunoi (pho),pho,Phunoi,Laos,Laos,35600,True,<100K
807,Prai (prt),prt,Prai,"Laos, Thailand",Laos,20000,True,<100K
808,Rmeet (lbn),lbn,Rmeet,Laos,Laos,22300,True,<100K
809,Saek (skb),skb,Saek,"Laos, Thailand",Laos,3730,True,<10K
810,Salang (hal),hal,Salang,"Laos, Vietnam",Laos,13500,True,<100K
811,Sapuan (spu),spu,Sapuan,Laos,Laos,2400,True,<10K
812,Sila (slt),slt,Sila,"Laos, Vietnam",Laos,1770,False,<10K
813,So (sss),sss,So,"Laos, Thailand",Laos,118000,False,<1M
814,Sou (sqq),sqq,Sou,Laos,Laos,2360,True,<10K
815,Southern Katang (sct),sct,Southern Katang,Laos,Laos,40000,False,<100K
816,Tai Daeng (tyr),tyr,Tai Daeng,"Laos, Vietnam",Vietnam,80000,True,<100K
817,Tai Dam (blt),blt,Tai Dam,"Laos, Vietnam",Vietnam,699000,True,<1M
818,Tai Dón (twh),twh,Tai Dón,"Laos, Vietnam",Laos,280000,True,<1M
819,Tai Khang (tnu),tnu,Tai Khang,Laos,Laos,200,True,<1K
820,Tai Loi (tlq),tlq,Tai Loi,"Laos, Myanmar",Laos,4460,False,<10K
821,Tai Long (thi),thi,Tai Long,Laos,Laos,4800,False,<10K
822,Tai Pao (tpo),tpo,Tai Pao,"Laos, Vietnam",Laos,3300,True,<10K
823,Tai Yo (tyj),tyj,Tai Yo,"Laos, Vietnam",Laos,300,False,<1K
824,Talieng (tdf),tdf,Talieng,Laos,Laos,29100,True,<100K
825,Tareng (tgr),tgr,Tareng,Laos,Laos,5000,False,<10K
826,Upper Ta’oih (tth),tth,Upper Ta’oih,"Laos, Vietnam",Laos,30900,False,<100K
827,Western Bru (brv),brv,Western Bru,"Laos, Thailand",Laos,20000,True,<100K
828,Western Katu (kuf),kuf,Western Katu,Laos,Laos,22800,False,<100K
829,Yoy (yoy),yoy,Yoy,"Laos, Thailand",Laos,5000,True,<10K
830,Abai Sungai (abf),abf,Abai Sungai,Malaysia,Malaysia,500,False,<1K
831,Baram Kayan (kys),kys,Baram Kayan,Malaysia,Malaysia,4150,True,<10K
832,Batek (btq),btq,Batek,Malaysia,Malaysia,1000,True,<10K
833,Bintulu (bny),bny,Bintulu,Malaysia,Malaysia,4200,True,<10K
834,Bonggi (bdg),bdg,Bonggi,Malaysia,Malaysia,1400,True,<10K
835,Bookan Murut (bnb),bnb,Bookan Murut,Malaysia,Malaysia,1700,True,<10K
836,Central Berawan (zbc),zbc,Central Berawan,Malaysia,Malaysia,1500,True,<10K
837,Central Melanau (mel),mel,Central Melanau,Malaysia,Malaysia,113000,True,<1M
838,Cheq Wong (cwg),cwg,Cheq Wong,Malaysia,Malaysia,460,True,<1K
839,Daro-Matu Melanau (dro),dro,Daro-Matu Melanau,Malaysia,Malaysia,7600,True,<10K
840,Dumpas (dmv),dmv,Dumpas,Malaysia,Malaysia,2400,False,<10K
841,East Berawan (zbe),zbe,East Berawan,Malaysia,Malaysia,1100,True,<10K
842,Gana (gnq),gnq,Gana,Malaysia,Malaysia,250,False,<1K
843,Ida’an (dbj),dbj,Ida’an,Malaysia,Malaysia,10000,True,<100K
844,Iranun (ilm),ilm,Iranun,Malaysia,Malaysia,22000,True,<100K
845,Jah Hut (jah),jah,Jah Hut,Malaysia,Malaysia,4191,True,<10K
846,Jakun (jak),jak,Jakun,Malaysia,Malaysia,10000,True,<100K
847,Jehai (jhi),jhi,Jehai,Malaysia,Malaysia,1250,True,<10K
848,Kadazan Dusun (dtp),dtp,Kadazan Dusun,Malaysia,Malaysia,264000,True,<1M
849,Kajaman (kag),kag,Kajaman,Malaysia,Malaysia,500,True,<1K
850,Kalabakan Murut (kve),kve,Kalabakan Murut,Malaysia,Malaysia,2200,False,<10K
851,Kanowit-Tanjong Melanau (kxn),kxn,Kanowit-Tanjong Melanau,Malaysia,Malaysia,200,True,<1K
852,Kedah Malay (meo),meo,Kedah Malay,"Malaysia, Thailand",Malaysia,2600000,True,<10M
853,Kenaboi (xbn),xbn,Kenaboi,Malaysia,Malaysia,0,True,<10
854,Keningau Murut (kxi),kxi,Keningau Murut,Malaysia,Malaysia,3000,False,<10K
855,Kensiu (kns),kns,Kensiu,"Malaysia, Thailand",Malaysia,250,True,<1K
856,Kimaragang (kqr),kqr,Kimaragang,Malaysia,Malaysia,90000,True,<100K
857,Kintaq (knq),knq,Kintaq,Malaysia,Malaysia,110,True,<1K
858,Kiput (kyi),kyi,Kiput,Malaysia,Malaysia,2460,True,<10K
859,Klias River Kadazan (kqt),kqt,Klias River Kadazan,Malaysia,Malaysia,800,False,<1K
860,Kota Marudu Talantang (grm),grm,Kota Marudu Talantang,Malaysia,Malaysia,1800,True,<10K
861,Kuijau (dkr),dkr,Kuijau,Malaysia,Malaysia,7910,False,<10K
862,Labuk-Kinabatangan Kadazan (dtb),dtb,Labuk-Kinabatangan Kadazan,Malaysia,Malaysia,20600,True,<100K
863,Lahanan (lhn),lhn,Lahanan,Malaysia,Malaysia,350,True,<1K
864,Lanas Lobu (ruu),ruu,Lanas Lobu,Malaysia,Malaysia,4000,False,<10K
865,Lanoh (lnh),lnh,Lanoh,Malaysia,Malaysia,240,True,<1K
866,Lelak (llk),llk,Lelak,Malaysia,Malaysia,220,True,<1K
867,Long Wat (ttw),ttw,Long Wat,Malaysia,Malaysia,600,False,<1K
868,Lotud (dtr),dtr,Lotud,Malaysia,Malaysia,20000,True,<100K
869,Mah Meri (mhe),mhe,Mah Meri,Malaysia,Malaysia,2990,True,<10K
870,Malaccan Malay Creole (ccm),ccm,Malaccan Malay Creole,Malaysia,Malaysia,300,True,<1K
871,Malaccan Portuguese Creole (mcm),mcm,Malaccan Portuguese Creole,Malaysia,Malaysia,2150,False,<10K
872,Malay (zlm),zlm,Malay,Malaysia,Malaysia,13500000,True,<100M
873,Malaysian Sign Language (xml),xml,Malaysian Sign Language,Malaysia,Malaysia,58700,True,<100K
874,Minokok (mqq),mqq,Minokok,Malaysia,Malaysia,1200,False,<10K
875,Minriq (mnq),mnq,Minriq,Malaysia,Malaysia,270,False,<1K
876,Mintil (mzt),mzt,Mintil,Malaysia,Malaysia,180,True,<1K
877,Molbog (pwm),pwm,Molbog,"Malaysia, Philippines",Malaysia,6680,True,<10K
878,Murik (mxr),mxr,Murik,Malaysia,Malaysia,1120,False,<10K
879,Narom (nrm),nrm,Narom,Malaysia,Malaysia,2420,True,<10K
880,Negeri Sembilan Malay (zmi),zmi,Negeri Sembilan Malay,Malaysia,Malaysia,500000,True,<1M
881,Northern Tidung (ntd),ntd,Northern Tidung,Malaysia,Malaysia,5000,False,<10K
882,Orang Kanaq (orn),orn,Orang Kanaq,Malaysia,Malaysia,80,False,<100
883,Orang Seletar (ors),ors,Orang Seletar,Malaysia,Malaysia,880,False,<1K
884,Paluan Murut (plz),plz,Paluan Murut,Malaysia,Malaysia,5500,False,<10K
885,Papar (dpp),dpp,Papar,Malaysia,Malaysia,500,True,<1K
886,Penang Sign Language (psg),psg,Penang Sign Language,Malaysia,Malaysia,1000,False,<10K
887,Punan Bah-Biau (pna),pna,Punan Bah-Biau,Malaysia,Malaysia,450,True,<1K
888,Punan Batu (pnm),pnm,Punan Batu,Malaysia,Malaysia,30,False,<100
889,Rejang Kayan (ree),ree,Rejang Kayan,Malaysia,Malaysia,3030,True,<10K
890,Remun (lkj),lkj,Remun,Malaysia,Malaysia,3500,True,<10K
891,Rungus (drg),drg,Rungus,Malaysia,Malaysia,55000,True,<100K
892,Sabah Bisaya (bsy),bsy,Sabah Bisaya,Malaysia,Malaysia,21000,True,<100K
893,Sabah Malay (msi),msi,Sabah Malay,Malaysia,Malaysia,3000000,True,<10M
894,Sabüm (sbo),sbo,Sabüm,Malaysia,Malaysia,0,True,<10
895,Sebop (sib),sib,Sebop,Malaysia,Malaysia,1730,True,<10K
896,Sekapan (skp),skp,Sekapan,Malaysia,Malaysia,750,True,<1K
897,Selangor Sign Language (kgi),kgi,Selangor Sign Language,Malaysia,Malaysia,500,True,<1K
898,Semai (sea),sea,Semai,Malaysia,Malaysia,10000,True,<100K
899,Semaq Beri (szc),szc,Semaq Beri,Malaysia,Malaysia,2000,True,<10K
900,Semelai (sza),sza,Semelai,Malaysia,Malaysia,4100,True,<10K
901,Semnam (ssm),ssm,Semnam,Malaysia,Malaysia,670,True,<1K
902,Serudung Murut (srk),srk,Serudung Murut,Malaysia,Malaysia,400,False,<1K
903,Sibu Melanau (sdx),sdx,Sibu Melanau,Malaysia,Malaysia,420,False,<1K
904,Sihan (spg),spg,Sihan,Malaysia,Malaysia,50,False,<100
905,Standard Malay (zsm),zsm,Standard Malay,"Malaysia, Brunei, Singapore",Malaysia,13500000,True,<100M
906,Sugut Dusun (kzs),kzs,Sugut Dusun,Malaysia,Malaysia,240000,False,<1M
907,Tampias Lobu (low),low,Tampias Lobu,Malaysia,Malaysia,4500,False,<10K
908,Tatana (txx),txx,Tatana,Malaysia,Malaysia,10000,True,<100K
909,Temiar (tea),tea,Temiar,Malaysia,Malaysia,15000,True,<100K
910,Temoq (tmo),tmo,Temoq,Malaysia,Malaysia,300,True,<1K
911,Temuan (tmw),tmw,Temuan,Malaysia,Malaysia,8000,True,<10K
912,Ten’edn (tnz),tnz,Ten’edn,"Malaysia, Thailand",Malaysia,350,True,<1K
913,Timugon Murut (tih),tih,Timugon Murut,Malaysia,Malaysia,9000,True,<10K
914,Tobilung (tgb),tgb,Tobilung,Malaysia,Malaysia,4000,True,<10K
915,Tombonuo (txa),txa,Tombonuo,Malaysia,Malaysia,13000,True,<100K
916,Tring (tgq),tgq,Tring,Malaysia,Malaysia,550,True,<1K
917,Tringgus-Sembaan Bidayuh (trx),trx,Tringgus-Sembaan Bidayuh,Malaysia,Malaysia,850,False,<1K
918,Ukit (umi),umi,Ukit,Malaysia,Malaysia,120,False,<1K
919,Upper Kinabatangan (dmg),dmg,Upper Kinabatangan,Malaysia,Malaysia,1000,True,<10K
920,West Berawan (zbw),zbw,West Berawan,Malaysia,Malaysia,1000,True,<10K
921,West Coast Bajau (bdr),bdr,West Coast Bajau,Malaysia,Malaysia,436672,True,<1M
922,Western Penan (pne),pne,Western Penan,Malaysia,Malaysia,3400,True,<10K
923,Akyaung Ari Naga (nqy),nqy,Akyaung Ari Naga,Myanmar,Myanmar,1000,False,<10K
924,Anong (nun),nun,Anong,Myanmar,Myanmar,400,True,<1K
925,Anu-Khongso Chin (anl),anl,Anu-Khongso Chin,Myanmar,Myanmar,4000,True,<10K
926,Asho Chin (csh),csh,Asho Chin,Myanmar,Myanmar,170000,False,<1M
927,Bawm Chin (bgr),bgr,Bawm Chin,Myanmar,Myanmar,4440,True,<10K
928,Blang (blr),blr,Blang,"Myanmar, Thailand",Myanmar,42000,True,<100K
929,Bualkhaw Chin (cbl),cbl,Bualkhaw Chin,Myanmar,Myanmar,2500,True,<10K
930,Burmese (mya),mya,Burmese,Myanmar,Myanmar,42875600,True,<100M
931,Bwe Karen (bwe),bwe,Bwe Karen,Myanmar,Myanmar,17200,True,<100K
932,Chak (ckh),ckh,Chak,Myanmar,Myanmar,3000,True,<10K
933,Chakma (ccp),ccp,Chakma,Myanmar,Myanmar,150000,True,<1M
934,Chen-Kayu Naga (nqq),nqq,Chen-Kayu Naga,Myanmar,Myanmar,9000,False,<10K
935,Daai Chin (dao),dao,Daai Chin,Myanmar,Myanmar,37000,True,<100K
936,Danau (dnu),dnu,Danau,Myanmar,Myanmar,1000,True,<10K
937,Danu (dnv),dnv,Danu,Myanmar,Myanmar,100000,False,<1M
938,Drung (duu),duu,Drung,Myanmar,Myanmar,14000,True,<100K
939,Eastern Kayah (eky),eky,Eastern Kayah,"Myanmar, Thailand",Myanmar,8000,True,<10K
940,Eastern Khumi Chin (cek),cek,Eastern Khumi Chin,Myanmar,Myanmar,12000,True,<100K
941,Ekai Chin (cey),cey,Ekai Chin,Myanmar,Myanmar,6100,False,<10K
942,Falam Chin (cfm),cfm,Falam Chin,Myanmar,Myanmar,69000,True,<100K
943,Geba Karen (kvq),kvq,Geba Karen,Myanmar,Myanmar,40000,True,<100K
944,Geko Karen (ghk),ghk,Geko Karen,Myanmar,Myanmar,17000,False,<100K
945,Hakha Chin (cnh),cnh,Hakha Chin,Myanmar,Myanmar,140000,True,<1M
946,Hpon (hpo),hpo,Hpon,Myanmar,Myanmar,0,True,<10
947,Intha (int),int,Intha,Myanmar,Myanmar,90000,False,<100K
948,Jejara Naga (pzn),pzn,Jejara Naga,Myanmar,Myanmar,1500,False,<10K
949,Jingpho (kac),kac,Jingpho,Myanmar,Myanmar,900000,True,<1M
950,Kaang Chin (ckn),ckn,Kaang Chin,Myanmar,Myanmar,1000,False,<10K
951,Kadu (zkd),zkd,Kadu,Myanmar,Myanmar,30000,False,<100K
952,Kanan (zkn),zkn,Kanan,Myanmar,Myanmar,9000,False,<10K
953,Kawyaw (kxf),kxf,Kawyaw,Myanmar,Myanmar,10000,True,<100K
954,Kayan (pdu),pdu,Kayan,Myanmar,Myanmar,133000,True,<1M
955,Kayaw (kvl),kvl,Kayaw,Myanmar,Myanmar,16600,False,<100K
956,Khams Tibetan (khg),khg,Khams Tibetan,Myanmar,Myanmar,1380000,True,<10M
957,Khamti (kht),kht,Khamti,Myanmar,Myanmar,8000,True,<10K
958,Khiamniungan Naga (kix),kix,Khiamniungan Naga,Myanmar,Myanmar,37800,True,<100K
959,Khumi Chin (cnk),cnk,Khumi Chin,Myanmar,Myanmar,60000,True,<100K
960,Khün (kkh),kkh,Khün,Myanmar,Myanmar,100000,True,<1M
961,Kokak Naga (nxk),nxk,Kokak Naga,Myanmar,Myanmar,2000,False,<10K
962,Konyak Naga (nbe),nbe,Konyak Naga,Myanmar,Myanmar,248000,True,<1M
963,Lacid (lsi),lsi,Lacid,Myanmar,Myanmar,30000,True,<100K
964,Lahta (kvt),kvt,Lahta,Myanmar,Myanmar,9550,False,<10K
965,Lahu Shi (lhi),lhi,Lahu Shi,Myanmar,Myanmar,117000,True,<1M
966,Lainong Naga (lzn),lzn,Lainong Naga,Myanmar,Myanmar,7000,True,<10K
967,Laitu Chin (clj),clj,Laitu Chin,Myanmar,Myanmar,15000,False,<100K
968,Lao Naga (nlq),nlq,Lao Naga,Myanmar,Myanmar,1000,False,<10K
969,Lautu Chin (clt),clt,Lautu Chin,Myanmar,Myanmar,15000,False,<100K
970,Lhao Vo (mhx),mhx,Lhao Vo,Myanmar,Myanmar,100000,True,<1M
971,Lisu (lis),lis,Lisu,Myanmar,Myanmar,600000,True,<1M
972,Long Phuri Naga (lpn),lpn,Long Phuri Naga,Myanmar,Myanmar,1000,False,<10K
973,Makuri Naga (jmn),jmn,Makuri Naga,Myanmar,Myanmar,2500,True,<10K
974,Mara Chin (mrh),mrh,Mara Chin,Myanmar,Myanmar,34800,True,<100K
975,Matu Chin (hlt),hlt,Matu Chin,Myanmar,Myanmar,30000,True,<100K
976,Mizo Chin (lus),lus,Mizo Chin,Myanmar,Myanmar,675000,True,<1M
977,Mobwa Karen (jkm),jkm,Mobwa Karen,Myanmar,Myanmar,4000,False,<10K
978,Mok (mqt),mqt,Mok,"Myanmar, Thailand",Myanmar,7,True,<10
979,Moken (mwt),mwt,Moken,"Myanmar, Thailand",Myanmar,4000,True,<10K
980,Mon (mnw),mnw,Mon,"Myanmar, Thailand",Myanmar,743000,True,<1M
981,Mro-Khimi (cmr),cmr,Mro-Khimi,Myanmar,Myanmar,75000,True,<100K
982,Mru (mro),mro,Mru,Myanmar,Myanmar,30000,True,<100K
983,Muak Sa-aak (ukk),ukk,Muak Sa-aak,Myanmar,Myanmar,4500,False,<10K
984,Müün Chin (mwq),mwq,Müün Chin,Myanmar,Myanmar,15000,True,<100K
985,Myanmar Sign Language (ysm),ysm,Myanmar Sign Language,Myanmar,Myanmar,270000,True,<1M
986,Ngawn Chin (cnw),cnw,Ngawn Chin,Myanmar,Myanmar,15000,True,<100K
987,Ngochang (acn),acn,Ngochang,Myanmar,Myanmar,27700,True,<100K
988,Nusu (nuf),nuf,Nusu,Myanmar,Myanmar,12000,True,<100K
989,Pa’o (blk),blk,Pa’o,"Myanmar, Thailand",Myanmar,560000,True,<1M
990,Paku Karen (jkp),jkp,Paku Karen,Myanmar,Myanmar,5300,False,<10K
991,Parauk Wa (prk),prk,Parauk Wa,Myanmar,Myanmar,400000,True,<1M
992,Paungnyuan Naga (umn),umn,Paungnyuan Naga,Myanmar,Myanmar,4000,False,<10K
993,Ponyo-Gongwang Naga (npg),npg,Ponyo-Gongwang Naga,Myanmar,Myanmar,4500,False,<10K
994,Pwo Eastern Karen (kjp),kjp,Pwo Eastern Karen,"Myanmar, Thailand",Myanmar,1000000,True,<10M
995,Pwo Western Karen (pwo),pwo,Pwo Western Karen,Myanmar,Myanmar,210000,True,<1M
996,Pyen (pyy),pyy,Pyen,Myanmar,Myanmar,600,False,<1K
997,Rakhine (rki),rki,Rakhine,Myanmar,Myanmar,1820000,True,<10M
998,Rawang (raw),raw,Rawang,Myanmar,Myanmar,62000,True,<100K
999,Rawngtu Chin (weu),weu,Rawngtu Chin,Myanmar,Myanmar,5000,False,<10K
1000,Riang Lai (yin),yin,Riang Lai,Myanmar,Myanmar,12000,True,<100K
1001,Riang Lang (ril),ril,Riang Lang,Myanmar,Myanmar,12500,True,<100K
1002,Rohingya (rhg),rhg,Rohingya,Myanmar,Myanmar,800000,False,<1M
1003,Ruching Palaung (pce),pce,Ruching Palaung,Myanmar,Myanmar,258000,True,<1M
1004,Rumai Palaung (rbb),rbb,Rumai Palaung,Myanmar,Myanmar,139000,True,<1M
1005,Rungtu Chin (rtc),rtc,Rungtu Chin,Myanmar,Myanmar,4000,False,<10K
1006,S’gaw Karen (ksw),ksw,S’gaw Karen,"Myanmar, Thailand",Myanmar,1360000,True,<10M
1007,Samtao (stu),stu,Samtao,Myanmar,Myanmar,9550,False,<10K
1008,Senthang Chin (sez),sez,Senthang Chin,Myanmar,Myanmar,33000,False,<100K
1009,Shan (shn),shn,Shan,"Myanmar, Thailand",Myanmar,3200000,True,<10M
1010,Shwe Palaung (pll),pll,Shwe Palaung,Myanmar,Myanmar,148000,True,<1M
1011,Siyin Chin (csy),csy,Siyin Chin,Myanmar,Myanmar,10000,True,<100K
1012,Songlai Chin (csj),csj,Songlai Chin,Myanmar,Myanmar,7300,False,<10K
1013,Sumtu Chin (csv),csv,Sumtu Chin,Myanmar,Myanmar,14000,False,<100K
1014,Tai Laing (tjl),tjl,Tai Laing,Myanmar,Myanmar,100000,False,<1M
1015,Tai Nüa (tdd),tdd,Tai Nüa,Myanmar,Myanmar,540000,True,<1M
1016,Taman (tcl),tcl,Taman,Myanmar,Myanmar,0,False,<10
1017,Tangkhul Naga (ntx),ntx,Tangkhul Naga,Myanmar,Myanmar,4000,True,<10K
1018,Tangshang Naga (nst),nst,Tangshang Naga,Myanmar,Myanmar,60000,True,<100K
1019,Taungyo (tco),tco,Taungyo,Myanmar,Myanmar,40000,False,<100K
1020,Tavoyan (tvn),tvn,Tavoyan,Myanmar,Myanmar,400000,False,<1M
1021,Tawr Chin (tcp),tcp,Tawr Chin,Myanmar,Myanmar,700,False,<1K
1022,Tedim Chin (ctd),ctd,Tedim Chin,Myanmar,Myanmar,189000,True,<1M
1023,Thado Chin (tcz),tcz,Thado Chin,Myanmar,Myanmar,243000,True,<1M
1024,Thaiphum Chin (cth),cth,Thaiphum Chin,Myanmar,Myanmar,1000,True,<10K
1025,Uppu Chin (cnb),cnb,Uppu Chin,Myanmar,Myanmar,19600,False,<100K
1026,Western Kayah (kyu),kyu,Western Kayah,Myanmar,Myanmar,150000,True,<1M
1027,Wewaw (wea),wea,Wewaw,Myanmar,Myanmar,0,False,<10
1028,Yinbaw (kvu),kvu,Yinbaw,Myanmar,Myanmar,7300,True,<10K
1029,Yintale (kvy),kvy,Yintale,Myanmar,Myanmar,1000,True,<10K
1030,Zaiwa (atb),atb,Zaiwa,Myanmar,Myanmar,80000,True,<100K
1031,Zayein (kxk),kxk,Zayein,Myanmar,Myanmar,9300,False,<10K
1032,Zo (zom),zom,Zo,Myanmar,Myanmar,61000,True,<100K
1033,Zotung Chin (czt),czt,Zotung Chin,Myanmar,Myanmar,40000,True,<100K
1034,Zyphe Chin (zyp),zyp,Zyphe Chin,Myanmar,Myanmar,17000,True,<100K
1035,Abellen Ayta (abp),abp,Abellen Ayta,Philippines,Philippines,3000,True,<10K
1036,Adasen (tiu),tiu,Adasen,Philippines,Philippines,4000,False,<10K
1037,Agusan Manobo (msm),msm,Agusan Manobo,Philippines,Philippines,60000,True,<100K
1038,Agutaynen (agn),agn,Agutaynen,Philippines,Philippines,15000,True,<100K
1039,Aklanon (akl),akl,Aklanon,Philippines,Philippines,93200,True,<100K
1040,Alangan (alj),alj,Alangan,Philippines,Philippines,2150,True,<10K
1041,Ambala Ayta (abc),abc,Ambala Ayta,Philippines,Philippines,1660,True,<10K
1042,Amganad Ifugao (ifa),ifa,Amganad Ifugao,Philippines,Philippines,27100,True,<100K
1043,Arta (atz),atz,Arta,Philippines,Philippines,11,True,<100
1044,Ata (atm),atm,Ata,Philippines,Philippines,2,False,<10
1045,Ata Manobo (atd),atd,Ata Manobo,Philippines,Philippines,26700,True,<100K
1046,Ati (atk),atk,Ati,Philippines,Philippines,1500,True,<10K
1047,Bagobo-Klata (bgi),bgi,Bagobo-Klata,Philippines,Philippines,55000,True,<100K
1048,Balangao (blw),blw,Balangao,Philippines,Philippines,21300,True,<100K
1049,Balangingih Sama (sse),sse,Balangingih Sama,Philippines,Philippines,80000,True,<100K
1050,Bangon (bnj),bnj,Bangon,Philippines,Philippines,1130,True,<10K
1051,Bantayanon (bfx),bfx,Bantayanon,Philippines,Philippines,71600,False,<100K
1052,Bantoanon (bno),bno,Bantoanon,Philippines,Philippines,75000,True,<100K
1053,Batad Ifugao (ifb),ifb,Batad Ifugao,Philippines,Philippines,10100,True,<100K
1054,Batak (bya),bya,Batak,Philippines,Philippines,1480,True,<10K
1055,Baybayanon (bvy),bvy,Baybayanon,Philippines,Philippines,10000,True,<100K
1056,Binongan Itneg (itb),itb,Binongan Itneg,Philippines,Philippines,7500,True,<10K
1057,Binukid (bkd),bkd,Binukid,Philippines,Philippines,100000,True,<1M
1058,Bogkalot (ilk),ilk,Bogkalot,Philippines,Philippines,50800,True,<100K
1059,Bolinao (smk),smk,Bolinao,Philippines,Philippines,56200,True,<100K
1060,Botolan Sambal (sbl),sbl,Botolan Sambal,Philippines,Philippines,32900,True,<100K
1061,Brooke’s Point Palawano (plw),plw,Brooke’s Point Palawano,Philippines,Philippines,14400,True,<100K
1062,Buhi’non Bikol (ubl),ubl,Buhi’non Bikol,Philippines,Philippines,73600,True,<100K
1063,Buhid (bku),bku,Buhid,Philippines,Philippines,9370,True,<10K
1064,Butbut Kalinga (kyb),kyb,Butbut Kalinga,Philippines,Philippines,15000,False,<100K
1065,Butuanon (btw),btw,Butuanon,Philippines,Philippines,34500,True,<100K
1066,Calamian Tagbanwa (tbk),tbk,Calamian Tagbanwa,Philippines,Philippines,10000,True,<100K
1067,Caluyanun (clu),clu,Caluyanun,Philippines,Philippines,30000,True,<100K
1068,Capiznon (cps),cps,Capiznon,Philippines,Philippines,639000,True,<1M
1069,Casiguran Dumagat Agta (dgc),dgc,Casiguran Dumagat Agta,Philippines,Philippines,610,True,<1K
1070,Cebuano (ceb),ceb,Cebuano,Philippines,Philippines,15800000,True,<100M
1071,Central Bikol (bcl),bcl,Central Bikol,Philippines,Philippines,2500000,True,<10M
1072,Central Bontok (lbk),lbk,Central Bontok,Philippines,Philippines,19600,True,<100K
1073,Central Cagayan Agta (agt),agt,Central Cagayan Agta,Philippines,Philippines,780,True,<1K
1074,Central Palawano (plc),plc,Central Palawano,Philippines,Philippines,12000,True,<100K
1075,Central Sama (sml),sml,Central Sama,Philippines,Philippines,90000,True,<100K
1076,Central Subanen (syb),syb,Central Subanen,Philippines,Philippines,140000,True,<1M
1077,Central Tagbanwa (tgt),tgt,Central Tagbanwa,Philippines,Philippines,2000,True,<10K
1078,Chavacano (cbk),cbk,Chavacano,Philippines,Philippines,1200000,True,<10M
1079,Cotabato Manobo (mta),mta,Cotabato Manobo,Philippines,Philippines,30000,True,<100K
1080,Cuyonon (cyo),cyo,Cuyonon,Philippines,Philippines,123000,True,<1M
1081,Davawenyo (daw),daw,Davawenyo,Philippines,Philippines,147000,True,<1M
1082,Dibabawon Manobo (mbd),mbd,Dibabawon Manobo,Philippines,Philippines,10000,True,<100K
1083,Dicamay Agta (duy),duy,Dicamay Agta,Philippines,Philippines,0,False,<10
1084,Dupaninan Agta (duo),duo,Dupaninan Agta,Philippines,Philippines,1200,True,<10K
1085,Eastern Bontok (ebk),ebk,Eastern Bontok,Philippines,Philippines,6170,True,<10K
1086,Eastern Subanen (sfe),sfe,Eastern Subanen,Philippines,Philippines,7000,True,<10K
1087,Eskayan (esy),esy,Eskayan,Philippines,Philippines,500,False,<1K
1088,Faire Atta (azt),azt,Faire Atta,Philippines,Philippines,300,False,<1K
1089,Filipino (fil),fil,Filipino,Philippines,Philippines,45000000,True,<100M
1090,Filipino Sign Language (psp),psp,Filipino Sign Language,Philippines,Philippines,100000,True,<1M
1091,Cebuano Sign Language (psp_ceb),psp_ceb,Cebuano Sign Language,Philippines,Philippines,-,False,N/A
1092,Ga’dang (gdg),gdg,Ga’dang,Philippines,Philippines,6000,True,<10K
1093,Gaddang (gad),gad,Gaddang,Philippines,Philippines,30000,True,<100K
1094,Hanunoo (hnn),hnn,Hanunoo,Philippines,Philippines,18800,True,<100K
1095,Higaonon (mba),mba,Higaonon,Philippines,Philippines,30000,True,<100K
1096,Hiligaynon (hil),hil,Hiligaynon,Philippines,Philippines,5770000,True,<10M
1097,I-wak (iwk),iwk,I-wak,Philippines,Philippines,3260,False,<10K
1098,Ibaloi (ibl),ibl,Ibaloi,Philippines,Philippines,111000,True,<1M
1099,Ibanag (ibg),ibg,Ibanag,Philippines,Philippines,500000,True,<1M
1100,Ibatan (ivb),ivb,Ibatan,Philippines,Philippines,1240,True,<10K
1101,Ilianen Manobo (mbi),mbi,Ilianen Manobo,Philippines,Philippines,14600,True,<100K
1102,Ilocano (ilo),ilo,Ilocano,Philippines,Philippines,6920000,True,<10M
1103,Inabaknon (abx),abx,Inabaknon,Philippines,Philippines,26400,True,<100K
1104,Inagta Alabat (dul),dul,Inagta Alabat,Philippines,Philippines,30,True,<100
1105,Inlaud Itneg (iti),iti,Inlaud Itneg,Philippines,Philippines,9000,False,<10K
1106,Inonhan (loc),loc,Inonhan,Philippines,Philippines,85800,False,<100K
1107,Iranun (ilp),ilp,Iranun,Philippines,Philippines,241000,False,<1M
1108,Iraya (iry),iry,Iraya,Philippines,Philippines,10000,True,<100K
1109,Isinay (inn),inn,Isinay,Philippines,Philippines,5520,True,<10K
1110,Isnag (isd),isd,Isnag,Philippines,Philippines,450,True,<1K
1111,Itawit (itv),itv,Itawit,Philippines,Philippines,134000,True,<1M
1112,Ivatan (ivv),ivv,Ivatan,Philippines,Philippines,35000,True,<100K
1113,Kagan Kalagan (kll),kll,Kagan Kalagan,Philippines,Philippines,6000,True,<10K
1114,Kagayanen (cgc),cgc,Kagayanen,Philippines,Philippines,30000,True,<100K
1115,Kalagan (kqe),kqe,Kalagan,Philippines,Philippines,70000,True,<100K
1116,Kalanguya (kak),kak,Kalanguya,Philippines,Philippines,100000,True,<1M
1117,Kamayo (kyk),kyk,Kamayo,Philippines,Philippines,363000,True,<1M
1118,Kankanaey (kne),kne,Kankanaey,Philippines,Philippines,150000,True,<1M
1119,Kapampangan (pam),pam,Kapampangan,Philippines,Philippines,1900000,True,<10M
1120,Karao (kyj),kyj,Karao,Philippines,Philippines,2000,True,<10K
1121,Kasiguranin (ksn),ksn,Kasiguranin,Philippines,Philippines,10000,False,<100K
1122,Katubung Agta (agk),agk,Katubung Agta,Philippines,Philippines,5,False,<10
1123,Keley-i Kallahan (ify),ify,Keley-i Kallahan,Philippines,Philippines,8000,True,<10K
1124,Kinabalian (cbw),cbw,Kinabalian,Philippines,Philippines,14000,False,<100K
1125,Kinamiging Manobo (mkx),mkx,Kinamiging Manobo,Philippines,Philippines,26700,False,<100K
1126,Kinaray-a (krj),krj,Kinaray-a,Philippines,Philippines,378000,True,<1M
1127,Kolibugan Subanon (skn),skn,Kolibugan Subanon,Philippines,Philippines,20000,False,<100K
1128,Koronadal Blaan (bpr),bpr,Koronadal Blaan,Philippines,Philippines,150000,True,<1M
1129,Libon Bikol (lbl),lbl,Libon Bikol,Philippines,Philippines,68800,True,<100K
1130,Limos Kalinga (kmk),kmk,Limos Kalinga,Philippines,Philippines,12700,True,<100K
1131,Lubuagan Kalinga (knb),knb,Lubuagan Kalinga,Philippines,Philippines,30000,True,<100K
1132,Mabaka Valley Kalinga (kkg),kkg,Mabaka Valley Kalinga,Philippines,Philippines,12000,False,<100K
1133,Maeng Itneg (itt),itt,Maeng Itneg,Philippines,Philippines,18000,False,<100K
1134,Mag-antsi Ayta (sgb),sgb,Mag-antsi Ayta,Philippines,Philippines,8200,True,<10K
1135,Mag-Indi Ayta (blx),blx,Mag-Indi Ayta,Philippines,Philippines,5000,True,<10K
1136,Magbukun Ayta (ayt),ayt,Magbukun Ayta,Philippines,Philippines,1000,False,<10K
1137,Maguindanaon (mdh),mdh,Maguindanaon,Philippines,Philippines,1100000,True,<10M
1138,Majukayang Kalinga (kmd),kmd,Majukayang Kalinga,Philippines,Philippines,1500,False,<10K
1139,Malaynon (mlz),mlz,Malaynon,Philippines,Philippines,8500,False,<10K
1140,Mandaya (mry),mry,Mandaya,Philippines,Philippines,250000,True,<1M
1141,Manide (abd),abd,Manide,Philippines,Philippines,3800,True,<10K
1142,Mansaka (msk),msk,Mansaka,Philippines,Philippines,57800,True,<100K
1143,Mapun (sjm),sjm,Mapun,Philippines,Philippines,43000,True,<100K
1144,Maranao (mrw),mrw,Maranao,Philippines,Philippines,776000,True,<1M
1145,Masadiit Itneg (tis),tis,Masadiit Itneg,Philippines,Philippines,7500,False,<10K
1146,Masbatenyo (msb),msb,Masbatenyo,Philippines,Philippines,600000,True,<1M
1147,Matigsalug Manobo (mbt),mbt,Matigsalug Manobo,Philippines,Philippines,50000,True,<100K
1148,Mayoyao Ifugao (ifu),ifu,Mayoyao Ifugao,Philippines,Philippines,30000,True,<100K
1149,Minamanwa (mmn),mmn,Minamanwa,Philippines,Philippines,5150,True,<10K
1150,Miraya Bikol (rbl),rbl,Miraya Bikol,Philippines,Philippines,300000,True,<1M
1151,Moyadan Itneg (ity),ity,Moyadan Itneg,Philippines,Philippines,12000,False,<100K
1152,Mt. Iraya Agta (atl),atl,Mt. Iraya Agta,Philippines,Philippines,150,False,<1K
1153,Mt. Iriga Agta (agz),agz,Mt. Iriga Agta,Philippines,Philippines,1500,False,<10K
1154,Northern Alta (aqn),aqn,Northern Alta,Philippines,Philippines,200,True,<1K
1155,Northern Binukidnon (kyn),kyn,Northern Binukidnon,Philippines,Philippines,15100,True,<100K
1156,Northern Bontok (rbk),rbk,Northern Bontok,Philippines,Philippines,9700,False,<10K
1157,Northern Catanduanes Bikol (cts),cts,Northern Catanduanes Bikol,Philippines,Philippines,77500,True,<100K
1158,Northern Kankanay (xnn),xnn,Northern Kankanay,Philippines,Philippines,70000,True,<100K
1159,Northern Sorsoganon (bks),bks,Northern Sorsoganon,Philippines,Philippines,85000,True,<100K
1160,Northern Subanen (stb),stb,Northern Subanen,Philippines,Philippines,85400,True,<100K
1161,Obo Manobo (obo),obo,Obo Manobo,Philippines,Philippines,60000,True,<100K
1162,Pahanan Agta (apf),apf,Pahanan Agta,Philippines,Philippines,1700,False,<10K
1163,Pamplona Atta (att),att,Pamplona Atta,Philippines,Philippines,1000,True,<10K
1164,Pangasinan (pag),pag,Pangasinan,Philippines,Philippines,1160000,True,<10M
1165,Pangutaran Sama (slm),slm,Pangutaran Sama,Philippines,Philippines,35200,True,<100K
1166,Paranan (prf),prf,Paranan,Philippines,Philippines,15000,True,<100K
1167,Porohanon (prh),prh,Porohanon,Philippines,Philippines,23000,True,<100K
1168,Pudtol Atta (atp),atp,Pudtol Atta,Philippines,Philippines,710,False,<1K
1169,Rajah Kabunsuwan Manobo (mqk),mqk,Rajah Kabunsuwan Manobo,Philippines,Philippines,7560,False,<10K
1170,Ratagnon (btn),btn,Ratagnon,Philippines,Philippines,2,True,<10
1171,Remontado Dumagat (agv),agv,Remontado Dumagat,Philippines,Philippines,2530,True,<10K
1172,Rinconada Bikol (bto),bto,Rinconada Bikol,Philippines,Philippines,385000,True,<1M
1173,Romblomanon (rol),rol,Romblomanon,Philippines,Philippines,94000,True,<100K
1174,Sambal (xsb),xsb,Sambal,Philippines,Philippines,70000,True,<100K
1175,Sangil (snl),snl,Sangil,Philippines,Philippines,15000,True,<100K
1176,Sarangani Blaan (bps),bps,Sarangani Blaan,Philippines,Philippines,90800,True,<100K
1177,Sarangani Manobo (mbs),mbs,Sarangani Manobo,Philippines,Philippines,58000,True,<100K
1178,Sorsogon Ayta (ays),ays,Sorsogon Ayta,Philippines,Philippines,15,False,<100
1179,Southern Alta (agy),agy,Southern Alta,Philippines,Philippines,1000,True,<10K
1180,Southern Binukidnon (mtw),mtw,Southern Binukidnon,Philippines,Philippines,7570,False,<10K
1181,Southern Bontok (obk),obk,Southern Bontok,Philippines,Philippines,2760,True,<10K
1182,Southern Catanduanes Bikol (bln),bln,Southern Catanduanes Bikol,Philippines,Philippines,135000,True,<1M
1183,Southern Kalinga (ksc),ksc,Southern Kalinga,Philippines,Philippines,13000,True,<100K
1184,Southern Sama (ssb),ssb,Southern Sama,Philippines,Philippines,200000,True,<1M
1185,Southern Sorsoganon (srv),srv,Southern Sorsoganon,Philippines,Philippines,185000,True,<1M
1186,Southern Subanen (laa),laa,Southern Subanen,Philippines,Philippines,25000,True,<100K
1187,Southwest Palawano (plv),plv,Southwest Palawano,Philippines,Philippines,12000,True,<100K
1188,Southwestern Bontok (vbk),vbk,Southwestern Bontok,Philippines,Philippines,2470,False,<10K
1189,Sulod (srg),srg,Sulod,Philippines,Philippines,14000,False,<100K
1190,Surigaonon (sgd),sgd,Surigaonon,Philippines,Philippines,400000,True,<1M
1191,Tadyawan (tdy),tdy,Tadyawan,Philippines,Philippines,2940,False,<10K
1192,Tagabawa (bgs),bgs,Tagabawa,Philippines,Philippines,43000,True,<100K
1193,Tagakaulo (klg),klg,Tagakaulo,Philippines,Philippines,83000,True,<100K
1194,Tagalog (tgl),tgl,Tagalog,Philippines,Philippines,24628290,True,<100M
1195,Tagbanwa (tbw),tbw,Tagbanwa,Philippines,Philippines,10000,True,<100K
1196,Tandaganon (tgn),tgn,Tandaganon,Philippines,Philippines,100000,True,<1M
1197,Tanudan Kalinga (kml),kml,Tanudan Kalinga,Philippines,Philippines,11200,True,<100K
1198,Tausug (tsg),tsg,Tausug,Philippines,Philippines,900000,True,<1M
1199,Tawbuid (twb),twb,Tawbuid,Philippines,Philippines,6810,True,<10K
1200,Tboli (tbl),tbl,Tboli,Philippines,Philippines,95300,True,<100K
1201,Teduray (tiy),tiy,Teduray,Philippines,Philippines,50000,True,<100K
1202,Tuwali Ifugao (ifk),ifk,Tuwali Ifugao,Philippines,Philippines,30000,True,<100K
1203,Umiray Dumaget Agta (due),due,Umiray Dumaget Agta,Philippines,Philippines,3000,True,<10K
1204,Vanaw Kalinga (bjx),bjx,Vanaw Kalinga,Philippines,Philippines,3500,False,<10K
1205,Villa Viciosa Agta (dyg),dyg,Villa Viciosa Agta,Philippines,Philippines,0,False,<10
1206,Waray-Waray (war),war,Waray-Waray,Philippines,Philippines,2560000,True,<10M
1207,West Albay Bikol (fbl),fbl,West Albay Bikol,Philippines,Philippines,260000,True,<1M
1208,Western Bukidnon Manobo (mbb),mbb,Western Bukidnon Manobo,Philippines,Philippines,15000,True,<100K
1209,Western Subanon (suc),suc,Western Subanon,Philippines,Philippines,125000,True,<1M
1210,Yakan (yka),yka,Yakan,Philippines,Philippines,106000,True,<1M
1211,Yogad (yog),yog,Yogad,Philippines,Philippines,16000,True,<100K
1212,Baba Malay (mbf),mbf,Baba Malay,Singapore,Singapore,10000,True,<100K
1213,Singapore Sign Language (sls),sls,Singapore Sign Language,Singapore,Singapore,3000,False,<10K
1214,Aheu (thm),thm,Aheu,Thailand,Thailand,450,True,<1K
1215,Ban Khor Sign Language (bfk),bfk,Ban Khor Sign Language,Thailand,Thailand,400,False,<1K
1216,Bisu (bzi),bzi,Bisu,Thailand,Thailand,700,True,<1K
1217,Chiangmai Sign Language (csd),csd,Chiangmai Sign Language,Thailand,Thailand,19,False,<100
1218,Chong (cog),cog,Chong,Thailand,Thailand,500,True,<1K
1219,Eastern Lawa (lwl),lwl,Eastern Lawa,Thailand,Thailand,7000,True,<10K
1220,Moklen (mkm),mkm,Moklen,Thailand,Thailand,1500,True,<10K
1221,Mpi (mpz),mpz,Mpi,Thailand,Thailand,900,True,<1K
1222,Northeastern Thai (tts),tts,Northeastern Thai,Thailand,Thailand,15000000,True,<100M
1223,Northern Khmer (kxm),kxm,Northern Khmer,Thailand,Thailand,1400000,True,<10M
1224,Nyahkur (cbn),cbn,Nyahkur,Thailand,Thailand,1500,True,<10K
1225,Nyaw (nyw),nyw,Nyaw,Thailand,Thailand,50000,False,<100K
1226,Nyeu (nyl),nyl,Nyeu,Thailand,Thailand,200,True,<1K
1227,Pattani Malay (mfa),mfa,Pattani Malay,Thailand,Thailand,1000000,True,<10M
1228,Phrae Pwo Karen (kjt),kjt,Phrae Pwo Karen,Thailand,Thailand,6000,False,<10K
1229,Pwo Northern Karen (pww),pww,Pwo Northern Karen,Thailand,Thailand,60000,True,<100K
1230,Southern Thai (sou),sou,Southern Thai,Thailand,Thailand,4500000,True,<10M
1231,Thai (tha),tha,Thai,"Thailand, Cambodia",Thailand,60200000,True,<100M
1232,Thai Sign Language (tsq),tsq,Thai Sign Language,Thailand,Thailand,51000,False,<100K
1233,Thai Song (soa),soa,Thai Song,Thailand,Thailand,32300,False,<100K
1234,Ugong (ugo),ugo,Ugong,Thailand,Thailand,150,True,<1K
1235,Urak Lawoi’ (urk),urk,Urak Lawoi’,Thailand,Thailand,5000,True,<10K
1236,Western Lawa (lcp),lcp,Western Lawa,Thailand,Vietnam,8000,True,<10K
1237,Yong (yno),yno,Yong,Thailand,Vietnam,12600,True,<100K
1238,Bahnar (bdq),bdq,Bahnar,Vietnam,Vietnam,158000,True,<1M
1239,Bih (ibh),ibh,Bih,Vietnam,Vietnam,10,True,<100
1240,Budeh Stieng (stt),stt,Budeh Stieng,Vietnam,Vietnam,40000,False,<100K
1241,Cacgia Roglai (roc),roc,Cacgia Roglai,Vietnam,Vietnam,3000,False,<10K
1242,Cao Lan (mlc),mlc,Cao Lan,Vietnam,Vietnam,169000,False,<1M
1243,Chrau (crw),crw,Chrau,Vietnam,Vietnam,7000,True,<10K
1244,Chru (cje),cje,Chru,Vietnam,Vietnam,19300,True,<100K
1245,Côông (cnc),cnc,Côông,Vietnam,Vietnam,2030,False,<10K
1246,Cua (cua),cua,Cua,Vietnam,Vietnam,12000,True,<100K
1247,Eastern Cham (cjm),cjm,Eastern Cham,Vietnam,Vietnam,72900,True,<100K
1248,Eastern Katu (ktv),ktv,Eastern Katu,Vietnam,Vietnam,50500,True,<100K
1249,Eastern Mnong (mng),mng,Eastern Mnong,Vietnam,Vietnam,30000,True,<100K
1250,En (enc),enc,En,Vietnam,Vietnam,200,True,<1K
1251,Giáy (pcc),pcc,Giáy,Vietnam,Vietnam,2600000,True,<10M
1252,Green Gelao (giq),giq,Green Gelao,Vietnam,Vietnam,300,True,<1K
1253,Haiphong Sign Language (haf),haf,Haiphong Sign Language,Vietnam,Vietnam,1800,False,<10K
1254,Hanoi Sign Language (hab),hab,Hanoi Sign Language,Vietnam,Vietnam,39000,False,<100K
1255,Haroi (hro),hro,Haroi,Vietnam,Vietnam,35000,True,<100K
1256,Hmong Dô (hmv),hmv,Hmong Dô,Vietnam,Vietnam,3700000,True,<10M
1257,Hmong Don (hmf),hmf,Hmong Don,Vietnam,Vietnam,-,False,N/A
1258,Ho Chi Minh City Sign Language (hos),hos,Ho Chi Minh City Sign Language,Vietnam,Vietnam,45000,True,<100K
1259,Hre (hre),hre,Hre,Vietnam,Vietnam,94000,True,<100K
1260,Katua (kta),kta,Katua,Vietnam,Vietnam,4000,True,<10K
1261,Kayong (kxy),kxy,Kayong,Vietnam,Vietnam,25000,False,<100K
1262,Kháng (kjm),kjm,Kháng,Vietnam,Vietnam,13800,True,<100K
1263,Khao (xao),xao,Khao,Vietnam,Vietnam,10000,False,<100K
1264,Koho (kpm),kpm,Koho,Vietnam,Vietnam,166000,True,<1M
1265,Kucong (lkc),lkc,Kucong,Vietnam,Vietnam,6870,False,<10K
1266,Lachi (lbt),lbt,Lachi,Vietnam,Vietnam,5000,True,<10K
1267,Laghuu (lgh),lgh,Laghuu,Vietnam,Vietnam,300,False,<1K
1268,Laha (lha),lha,Laha,Vietnam,Vietnam,5690,True,<10K
1269,Maa (cma),cma,Maa,Vietnam,Vietnam,33300,True,<100K
1270,Mang (zng),zng,Mang,Vietnam,Vietnam,2660,True,<10K
1271,Mantsi (nty),nty,Mantsi,Vietnam,Vietnam,1100,False,<10K
1272,Monom (moo),moo,Monom,Vietnam,Vietnam,6000,True,<10K
1273,Muong (mtq),mtq,Muong,Vietnam,Vietnam,1140000,True,<10M
1274,Ná-Meo (neo),neo,Ná-Meo,Vietnam,Vietnam,1200,False,<10K
1275,Northern Roglai (rog),rog,Northern Roglai,Vietnam,Vietnam,52900,True,<100K
1276,Nung (nut),nut,Nung,Vietnam,Vietnam,969000,True,<1M
1277,Pa-Hng (pha),pha,Pa-Hng,Vietnam,Vietnam,26800,True,<100K
1278,Phula (phh),phh,Phula,Vietnam,Vietnam,5000,False,<10K
1279,Phuong (phg),phg,Phuong,Vietnam,Vietnam,15100,True,<100K
1280,Puoc (puo),puo,Puoc,Vietnam,Vietnam,18000,True,<100K
1281,Qabiao (laq),laq,Qabiao,Vietnam,Vietnam,690,True,<1K
1282,Rade (rad),rad,Rade,Vietnam,Vietnam,177000,True,<1M
1283,Red Gelao (gir),gir,Red Gelao,Vietnam,Vietnam,6000,True,<10K
1284,Rengao (ren),ren,Rengao,Vietnam,Vietnam,18000,True,<100K
1285,Romam (rmx),rmx,Romam,Vietnam,Vietnam,200,False,<1K
1286,Sedang (sed),sed,Sedang,Vietnam,Vietnam,97000,True,<100K
1287,Southern Mnong (mnn),mnn,Southern Mnong,Vietnam,Vietnam,30000,False,<100K
1288,Southern Roglai (rgs),rgs,Southern Roglai,Vietnam,Vietnam,41000,True,<100K
1289,Tai Thanh (tmm),tmm,Tai Thanh,Vietnam,Vietnam,20000,True,<100K
1290,Takua (tkz),tkz,Takua,Vietnam,Vietnam,6000,False,<10K
1291,Tày (tyz),tyz,Tày,Vietnam,Vietnam,1630000,True,<10M
1292,Tay Boi (tas),tas,Tay Boi,Vietnam,Vietnam,0,True,<10
1293,Tày Sa Pa (tys),tys,Tày Sa Pa,Vietnam,Vietnam,300,False,<1K
1294,Tày Tac (tyt),tyt,Tày Tac,Vietnam,Vietnam,-,False,N/A
1295,Tho (tou),tou,Tho,Vietnam,Vietnam,68400,False,<100K
1296,Thu Lao (tyl),tyl,Thu Lao,Vietnam,Vietnam,200,False,<1K
1297,Todrah (tdr),tdr,Todrah,Vietnam,Vietnam,6000,True,<10K
1298,Trieng (stg),stg,Trieng,Vietnam,Vietnam,15000,False,<100K
1299,Ts՟n-Lao (tsl),tsl,Ts՟n-Lao,Vietnam,Vietnam,10000,False,<100K
1300,Vietnamese (vie),vie,Vietnamese,Vietnam,Vietnam,65800000,True,<100M
1301,White Lachi (lwh),lwh,White Lachi,Vietnam,Vietnam,1600,True,<10K
1302,English (eng),eng,English,Non-indigenous,Non-indigenous,371959910,True,<1B
1303,Cantonese (yue),yue,Cantonese,Non-indigenous,Non-indigenous,62000000,True,<100M
1304,Portuguese (por),por,Portuguese,Non-indigenous,Non-indigenous,218765470,True,<1B
1305,Mandarin Chinese (cmn),cmn,Mandarin Chinese,Non-indigenous,Non-indigenous,1067000000,True,$\geq$1B
1306,Tamil (tam),tam,Tamil,Non-indigenous,Non-indigenous,68700000,True,<100M
1307,Sanskrit (san),san,Sanskrit,Non-indigenous,Non-indigenous,208100,True,<1M
