display_name,ISO code,Language,Relevant Countries,Country,# Speakers
Belait (beg),beg,Belait,Brunei,Brunei,1240
Brunei (kxd),kxd,Brunei,Brunei,Brunei,295000
Brunei Bisaya (bsb),bsb,Brunei Bisaya,"Brunei, Malaysia",Brunei,37600
Eastern Penan (pez),pez,Eastern Penan,"Brunei, Malaysia",Brunei,10000
Iban (iba),iba,Iban,"Brunei, Indonesia, Malaysia",Brunei,1452000
Lundayeh (lnd),lnd,Lundayeh,"Brunei, Indonesia, Malaysia",Brunei,23000
Tutong (ttd),ttd,Tutong,Brunei,Brunei,7000
Brao (brb),brb,Brao,"Cambodia, Laos, Vietnam",Cambodia,22800
Bulo Stieng (sti),sti,Bulo Stieng,"Cambodia, Vietnam",Cambodia,45000
Cambodian Sign Language (csx),csx,Cambodian Sign Language,Cambodia,Cambodia,7500
Central Mnong (cmo),cmo,Central Mnong,"Cambodia, Vietnam",Cambodia,32500
Chung (scq),scq,Chung,Cambodia,Cambodia,10
Jarai (jra),jra,Jarai,"Cambodia, Vietnam",Cambodia,242000
Kachok (xkk),xkk,Kachok,Cambodia,Cambodia,3370
Kavet (krv),krv,Kavet,Cambodia,Cambodia,6220
Khmer (khm),khm,Khmer,"Cambodia, Vietnam",Cambodia,17390040
Kraol (rka),rka,Kraol,Cambodia,Cambodia,4200
Krung (krr),krr,Krung,Cambodia,Cambodia,20700
Kuay (kdt),kdt,Kuay,"Cambodia, Laos, Thailand",Cambodia,400000
Lao (lao),lao,Lao,"Cambodia, Laos",Laos,3870000
Mel-Khaonh (hkn),hkn,Mel-Khaonh,Cambodia,Cambodia,4000
Pear (pcb),pcb,Pear,Cambodia,Cambodia,1670
Samre (sxm),sxm,Samre,"Cambodia, Thailand",Cambodia,1
Somray (smu),smu,Somray,Cambodia,Cambodia,4100
Su’ung (syo),syo,Su’ung,Cambodia,Cambodia,860
Tampuan (tpu),tpu,Tampuan,Cambodia,Cambodia,31000
Western Cham (cja),cja,Western Cham,"Cambodia, Vietnam",Cambodia,204000
Atauran (adb),adb,Atauran,East Timor,East Timor,5000
Baikeno (bkx),bkx,Baikeno,East Timor,East Timor,72000
Bunak (bfn),bfn,Bunak,"East Timor, Indonesia",East Timor,55000
Fataluku (ddg),ddg,Fataluku,East Timor,East Timor,37000
Galolen (gal),gal,Galolen,"East Timor, Indonesia",East Timor,13000
Habun (hbu),hbu,Habun,East Timor,East Timor,2700
Idaté (idt),idt,Idaté,East Timor,East Timor,13500
Kairui-Midiki (krd),krd,Kairui-Midiki,East Timor,East Timor,15000
Kemak (kem),kem,Kemak,"East Timor, Indonesia",East Timor,62000
Lakalei (lka),lka,Lakalei,East Timor,East Timor,3250
Makalero (mjb),mjb,Makalero,East Timor,East Timor,6500
Makasae (mkz),mkz,Makasae,East Timor,East Timor,102000
Makuva (lva),lva,Makuva,East Timor,East Timor,56
Mambae (mgm),mgm,Mambae,East Timor,East Timor,131000
Nauete (nxa),nxa,Nauete,East Timor,East Timor,15000
Tetun (tet),tet,Tetun,"East Timor, Indonesia",East Timor,400000
Tetun Dili (tdt),tdt,Tetun Dili,East Timor,East Timor,385000
Timor Pidgin (tvy),tvy,Timor Pidgin,East Timor,East Timor,1
Tukudede (tkd),tkd,Tukudede,East Timor,East Timor,39500
Waima’a (wmh),wmh,Waima’a,East Timor,East Timor,18400
Welaun (wlh),wlh,Welaun,"East Timor, Indonesia",East Timor,5575
Abinomn (bsa),bsa,Abinomn,Indonesia,Indonesia,300
Abui (abz),abz,Abui,Indonesia,Indonesia,16000
Abun (kgr),kgr,Abun,Indonesia,Indonesia,3000
Aceh (ace),ace,Aceh,Indonesia,Indonesia,3500000
Adang (adn),adn,Adang,Indonesia,Indonesia,3000
Adonara (adr),adr,Adonara,Indonesia,Indonesia,98000
Aghu (ahh),ahh,Aghu,Indonesia,Indonesia,3000
Airoran (air),air,Airoran,Indonesia,Indonesia,1000
Alor (aol),aol,Alor,Indonesia,Indonesia,25000
Alune (alp),alp,Alune,Indonesia,Indonesia,17200
Amahai (amq),amq,Amahai,Indonesia,Indonesia,50
Amarasi (aaz),aaz,Amarasi,Indonesia,Indonesia,70000
Ambai (amk),amk,Ambai,Indonesia,Indonesia,10100
Ambel (wgo),wgo,Ambel,Indonesia,Indonesia,1000
Ambelau (amv),amv,Ambelau,Indonesia,Indonesia,5700
Ambonese Malay (abs),abs,Ambonese Malay,Indonesia,Indonesia,1600000
Ampanang (apg),apg,Ampanang,Indonesia,Indonesia,30000
Anakalangu (akg),akg,Anakalangu,Indonesia,Indonesia,16000
Anasi (bpo),bpo,Anasi,Indonesia,Indonesia,2000
Andio (bzb),bzb,Andio,Indonesia,Indonesia,1700
Angguruk Yali (yli),yli,Angguruk Yali,Indonesia,Indonesia,15000
Ansus (and),and,Ansus,Indonesia,Indonesia,4600
Anus (auq),auq,Anus,Indonesia,Indonesia,320
Aoheng (pni),pni,Aoheng,Indonesia,Indonesia,2630
Aputai (apx),apx,Aputai,Indonesia,Indonesia,150
Aralle-Tabulahan (atq),atq,Aralle-Tabulahan,Indonesia,Indonesia,12000
Arandai (jbj),jbj,Arandai,Indonesia,Indonesia,1000
Arguni (agf),agf,Arguni,Indonesia,Indonesia,150
As (asz),asz,As,Indonesia,Indonesia,230
Asilulu (asl),asl,Asilulu,Indonesia,Indonesia,8760
Asue Awyu (psa),psa,Asue Awyu,Indonesia,Indonesia,6500
Atohwaim (aqm),aqm,Atohwaim,Indonesia,Indonesia,1000
Auye (auu),auu,Auye,Indonesia,Indonesia,350
Awbono (awh),awh,Awbono,Indonesia,Indonesia,100
Awera (awr),awr,Awera,Indonesia,Indonesia,70
Awyi (auw),auw,Awyi,Indonesia,Indonesia,350
Bacanese Malay (btj),btj,Bacanese Malay,Indonesia,Indonesia,6
Bada (bhz),bhz,Bada,Indonesia,Indonesia,6800
Bädi Kanum (khd),khd,Bädi Kanum,Indonesia,Indonesia,10
Badui (bac),bac,Badui,Indonesia,Indonesia,20000
Bagusa (bqb),bqb,Bagusa,Indonesia,Indonesia,300
Baham (bdw),bdw,Baham,Indonesia,Indonesia,1100
Bahau (bhv),bhv,Bahau,Indonesia,Indonesia,19000
Bahonsuai (bsu),bsu,Bahonsuai,Indonesia,Indonesia,200
Bakati’ (bei),bei,Bakati’,Indonesia,Indonesia,4000
Bakumpai (bkr),bkr,Bakumpai,Indonesia,Indonesia,100000
Balaesang (bls),bls,Balaesang,Indonesia,Indonesia,3200
Balantak (blz),blz,Balantak,Indonesia,Indonesia,31000
Bali (ban),ban,Bali,Indonesia,Indonesia,3330000
Balinese Malay (mhp),mhp,Balinese Malay,Indonesia,Indonesia,25000
Bambam (ptu),ptu,Bambam,Indonesia,Indonesia,22000
Banda (bnd),bnd,Banda,Indonesia,Indonesia,3000
Banda Malay (bpq),bpq,Banda Malay,Indonesia,Indonesia,3690
Banggai (bgz),bgz,Banggai,Indonesia,Indonesia,125000
Bangka (mfb),mfb,Bangka,Indonesia,Indonesia,340000
Banjar (bjn),bjn,Banjar,Indonesia,Indonesia,3500000
Bantik (bnq),bnq,Bantik,Indonesia,Indonesia,3000
Barakai (baj),baj,Barakai,Indonesia,Indonesia,4450
Barapasi (brp),brp,Barapasi,Indonesia,Indonesia,2500
Baras (brs),brs,Baras,Indonesia,Indonesia,250
Basap (bdb),bdb,Basap,Indonesia,Indonesia,15000
Batak Alas-Kluet (btz),btz,Batak Alas-Kluet,Indonesia,Indonesia,195000
Batak Angkola (akb),akb,Batak Angkola,Indonesia,Indonesia,750000
Batak Dairi (btd),btd,Batak Dairi,Indonesia,Indonesia,1200000
Batak Karo (btx),btx,Batak Karo,Indonesia,Indonesia,600000
Batak Mandailing (btm),btm,Batak Mandailing,Indonesia,Indonesia,1100000
Batak Simalungun (bts),bts,Batak Simalungun,Indonesia,Indonesia,1200000
Batak Toba (bbc),bbc,Batak Toba,Indonesia,Indonesia,2000000
Bati (bvt),bvt,Bati,Indonesia,Indonesia,3500
Batui (zbt),zbt,Batui,Indonesia,Indonesia,2900
Batuley (bay),bay,Batuley,Indonesia,Indonesia,3640
Bau Bidayuh (sne),sne,Bau Bidayuh,"Indonesia, Malaysia",Indonesia,29200
Bauzi (bvz),bvz,Bauzi,Indonesia,Indonesia,1500
Bayono (byl),byl,Bayono,Indonesia,Indonesia,100
Bedoanas (bed),bed,Bedoanas,Indonesia,Indonesia,180
Beginci (ebc),ebc,Beginci,Indonesia,Indonesia,7800
Behoa (bep),bep,Behoa,Indonesia,Indonesia,10000
Beneraf (bnv),bnv,Beneraf,Indonesia,Indonesia,200
Benggoi (bgy),bgy,Benggoi,Indonesia,Indonesia,350
Bentong (bnu),bnu,Bentong,Indonesia,Indonesia,25000
Benyadu’ (byd),byd,Benyadu’,Indonesia,Indonesia,54000
Berau Malay (bve),bve,Berau Malay,Indonesia,Indonesia,11200
Berik (bkl),bkl,Berik,Indonesia,Indonesia,1200
Betaf (bfe),bfe,Betaf,Indonesia,Indonesia,600
Betawi (bew),bew,Betawi,Indonesia,Indonesia,5000000
Biak (bhw),bhw,Biak,Indonesia,Indonesia,70000
Bian Marind (bpv),bpv,Bian Marind,Indonesia,Indonesia,2900
Biatah Bidayuh (bth),bth,Biatah Bidayuh,"Indonesia, Malaysia",Indonesia,63900
Biga (bhc),bhc,Biga,Indonesia,Indonesia,300
Bilba (bpz),bpz,Bilba,Indonesia,Indonesia,7000
Bima (bhp),bhp,Bima,Indonesia,Indonesia,500000
Bintauna (bne),bne,Bintauna,Indonesia,Indonesia,11200
Biritai (bqq),bqq,Biritai,Indonesia,Indonesia,250
Blagar (beu),beu,Blagar,Indonesia,Indonesia,11000
Boano (bzn),bzn,Boano,Indonesia,Indonesia,3240
Boano (bzl),bzl,Boano,Indonesia,Indonesia,2700
Bobongko (bgb),bgb,Bobongko,Indonesia,Indonesia,1500
Bobot (bty),bty,Bobot,Indonesia,Indonesia,4500
Bolango (bld),bld,Bolango,Indonesia,Indonesia,23000
Bonerate (bna),bna,Bonerate,Indonesia,Indonesia,9500
Bonggo (bpg),bpg,Bonggo,Indonesia,Indonesia,790
Budong-Budong (bdx),bdx,Budong-Budong,Indonesia,Indonesia,70
Bugis (bug),bug,Bugis,Indonesia,Indonesia,5500000
Bukar-Sadong Bidayuh (sdo),sdo,Bukar-Sadong Bidayuh,"Indonesia, Malaysia",Indonesia,49100
Bukat (bvk),bvk,Bukat,Indonesia,Indonesia,400
Bukit Malay (bvu),bvu,Bukit Malay,Indonesia,Indonesia,59000
Bukitan (bkn),bkn,Bukitan,"Indonesia, Malaysia",Indonesia,570
Buli (bzq),bzq,Buli,Indonesia,Indonesia,2520
Bulungan (blj),blj,Bulungan,Indonesia,Indonesia,30000
Bungku (bkz),bkz,Bungku,Indonesia,Indonesia,27000
Buol (blf),blf,Buol,Indonesia,Indonesia,96000
Burate (bti),bti,Burate,Indonesia,Indonesia,100
Burmeso (bzu),bzu,Burmeso,Indonesia,Indonesia,250
Buru (mhs),mhs,Buru,Indonesia,Indonesia,45000
Burumakok (aip),aip,Burumakok,Indonesia,Indonesia,40
Burusu (bqr),bqr,Burusu,Indonesia,Indonesia,4350
Buruwai (asi),asi,Buruwai,Indonesia,Indonesia,1000
Busami (bsm),bsm,Busami,Indonesia,Indonesia,700
Busang Kayan (bfg),bfg,Busang Kayan,Indonesia,Indonesia,3000
Busoa (bup),bup,Busoa,Indonesia,Indonesia,2300
Casuarina Coast Asmat (asc),asc,Casuarina Coast Asmat,Indonesia,Indonesia,9000
Central Asmat (cns),cns,Central Asmat,Indonesia,Indonesia,7000
Central Awyu (awu),awu,Central Awyu,Indonesia,Indonesia,7500
Central Malay (pse),pse,Central Malay,Indonesia,Indonesia,1590000
Central Masela (mxz),mxz,Central Masela,Indonesia,Indonesia,510
Cia-Cia (cia),cia,Cia-Cia,Indonesia,Indonesia,79000
Citak (txt),txt,Citak,Indonesia,Indonesia,8000
Coastal Konjo (kjc),kjc,Coastal Konjo,Indonesia,Indonesia,125000
Col (liw),liw,Col,Indonesia,Indonesia,145000
Da’a Kaili (kzf),kzf,Da’a Kaili,Indonesia,Indonesia,55000
Dabe (dbe),dbe,Dabe,Indonesia,Indonesia,440
Dai (dij),dij,Dai,Indonesia,Indonesia,820
Dakka (dkk),dkk,Dakka,Indonesia,Indonesia,1500
Damal (uhn),uhn,Damal,Indonesia,Indonesia,14000
Dampelas (dms),dms,Dampelas,Indonesia,Indonesia,2000
Dao (daz),daz,Dao,Indonesia,Indonesia,250
Dawera-Daweloor (ddw),ddw,Dawera-Daweloor,Indonesia,Indonesia,1270
Dela-Oenale (row),row,Dela-Oenale,Indonesia,Indonesia,7000
Dem (dem),dem,Dem,Indonesia,Indonesia,1000
Demisa (dei),dei,Demisa,Indonesia,Indonesia,400
Dengka (dnk),dnk,Dengka,Indonesia,Indonesia,20000
Dhao (nfa),nfa,Dhao,Indonesia,Indonesia,5000
Diebroud (tbp),tbp,Diebroud,Indonesia,Indonesia,300
Dineor (mrx),mrx,Dineor,Indonesia,Indonesia,55
Diuwe (diy),diy,Diuwe,Indonesia,Indonesia,100
Dla (kbv),kbv,Dla,Indonesia,Indonesia,1000
Dobel (kvo),kvo,Dobel,Indonesia,Indonesia,5680
Dondo (dok),dok,Dondo,Indonesia,Indonesia,13000
Doutai (tds),tds,Doutai,Indonesia,Indonesia,70
Duano (dup),dup,Duano,"Indonesia, Malaysia",Indonesia,15000
Duri (mvp),mvp,Duri,Indonesia,Indonesia,127000
Duriankere (dbn),dbn,Duriankere,Indonesia,Indonesia,30
Dusner (dsn),dsn,Dusner,Indonesia,Indonesia,3
Dusun Deyah (dun),dun,Dusun Deyah,Indonesia,Indonesia,20000
Dusun Malang (duq),duq,Dusun Malang,Indonesia,Indonesia,4500
Dusun Witu (duw),duw,Dusun Witu,Indonesia,Indonesia,5000
Duvle (duv),duv,Duvle,Indonesia,Indonesia,930
East Damar (dmr),dmr,East Damar,Indonesia,Indonesia,2800
East Makian (mky),mky,East Makian,Indonesia,Indonesia,10000
East Masela (vme),vme,East Masela,Indonesia,Indonesia,520
East Tarangan (tre),tre,East Tarangan,Indonesia,Indonesia,6110
Eastern Ngad’a (nea),nea,Eastern Ngad’a,Indonesia,Indonesia,5000
Edera Awyu (awy),awy,Edera Awyu,Indonesia,Indonesia,3870
Edopi (dbf),dbf,Edopi,Indonesia,Indonesia,1500
Ekari (ekg),ekg,Ekari,Indonesia,Indonesia,100000
Elseng (mrf),mrf,Elseng,Indonesia,Indonesia,300
Embaloh (emb),emb,Embaloh,Indonesia,Indonesia,10000
Emem (enr),enr,Emem,Indonesia,Indonesia,2000
Emplawas (emw),emw,Emplawas,Indonesia,Indonesia,250
Ende (end),end,Ende,Indonesia,Indonesia,110000
Enggano (eno),eno,Enggano,Indonesia,Indonesia,1500
Enrekang (ptt),ptt,Enrekang,Indonesia,Indonesia,50000
Eritai (ert),ert,Eritai,Indonesia,Indonesia,530
Erokwanas (erw),erw,Erokwanas,Indonesia,Indonesia,200
Fayu (fau),fau,Fayu,Indonesia,Indonesia,1400
Fedan (pdn),pdn,Fedan,Indonesia,Indonesia,280
Foau (flh),flh,Foau,Indonesia,Indonesia,350
Fordata (frd),frd,Fordata,Indonesia,Indonesia,50000
Galela (gbi),gbi,Galela,Indonesia,Indonesia,79000
Gamkonora (gak),gak,Gamkonora,Indonesia,Indonesia,1500
Gane (gzn),gzn,Gane,Indonesia,Indonesia,2900
Gayo (gay),gay,Gayo,Indonesia,Indonesia,300000
Gebe (gei),gei,Gebe,Indonesia,Indonesia,2650
Gerai (gef),gef,Gerai,Indonesia,Indonesia,2100
Geser-Gorom (ges),ges,Geser-Gorom,Indonesia,Indonesia,36500
Gorap (goq),goq,Gorap,Indonesia,Indonesia,1000
Gorontalo (gor),gor,Gorontalo,Indonesia,Indonesia,1000000
Gresi (grs),grs,Gresi,Indonesia,Indonesia,2500
Haji (hji),hji,Haji,Indonesia,Indonesia,17500
Hamap (hmu),hmu,Hamap,Indonesia,Indonesia,900
Haruku (hrk),hrk,Haruku,Indonesia,Indonesia,18200
Hatam (had),had,Hatam,Indonesia,Indonesia,16000
Hawu (hvn),hvn,Hawu,Indonesia,Indonesia,110000
Helong (heg),heg,Helong,Indonesia,Indonesia,14000
Highland Konjo (kjk),kjk,Highland Konjo,Indonesia,Indonesia,150000
Hitu (htu),htu,Hitu,Indonesia,Indonesia,16000
Hoti (hti),hti,Hoti,Indonesia,Indonesia,10
Hovongan (hov),hov,Hovongan,Indonesia,Indonesia,1000
Huaulu (hud),hud,Huaulu,Indonesia,Indonesia,300
Hukumina (huw),huw,Hukumina,Indonesia,Indonesia,1
Hulung (huk),huk,Hulung,Indonesia,Indonesia,10
Hupla (hap),hap,Hupla,Indonesia,Indonesia,3000
Iau (tmu),tmu,Iau,Indonesia,Indonesia,600
Ibu (ibu),ibu,Ibu,Indonesia,Indonesia,35
Iha (ihp),ihp,Iha,Indonesia,Indonesia,5500
Iha Based Pidgin (ihb),ihb,Iha Based Pidgin,Indonesia,Indonesia,1
Ile Ape (ila),ila,Ile Ape,Indonesia,Indonesia,15000
Ili’uun (ilu),ilu,Ili’uun,Indonesia,Indonesia,1400
Imroing (imr),imr,Imroing,Indonesia,Indonesia,560
Indonesian (ind),ind,Indonesian,Indonesia,Indonesia,198000000
Indonesian Bajau (bdl),bdl,Indonesian Bajau,Indonesia,Indonesia,150000
Indonesian Sign Language (inl),inl,Indonesian Sign Language,Indonesia,Indonesia,8000
Irarutu (irh),irh,Irarutu,Indonesia,Indonesia,4000
Isirawa (srl),srl,Isirawa,Indonesia,Indonesia,1800
Itik (itx),itx,Itik,Indonesia,Indonesia,80
Jair Awyu (awv),awv,Jair Awyu,Indonesia,Indonesia,2300
Jambi Malay (jax),jax,Jambi Malay,Indonesia,Indonesia,1000000
Jangkang (djo),djo,Jangkang,Indonesia,Indonesia,37000
Javanese (jav),jav,Javanese,Indonesia,Indonesia,84300000
Javindo (jvd),jvd,Javindo,Indonesia,Indonesia,100
Jofotek-Bromnya (jbr),jbr,Jofotek-Bromnya,Indonesia,Indonesia,200
Kabola (klz),klz,Kabola,Indonesia,Indonesia,3900
Kaburi (uka),uka,Kaburi,Indonesia,Indonesia,600
Kadai (kzd),kzd,Kadai,Indonesia,Indonesia,350
Kaera (jka),jka,Kaera,Indonesia,Indonesia,5500
Kafoa (kpu),kpu,Kafoa,Indonesia,Indonesia,1000
Kaibobo (kzb),kzb,Kaibobo,Indonesia,Indonesia,500
Kaidipang (kzp),kzp,Kaidipang,Indonesia,Indonesia,26600
Kaimbulawa (zka),zka,Kaimbulawa,Indonesia,Indonesia,2200
Kais (kzm),kzm,Kais,Indonesia,Indonesia,700
Kaiy (tcq),tcq,Kaiy,Indonesia,Indonesia,220
Kalabra (kzz),kzz,Kalabra,Indonesia,Indonesia,3290
Kalao (kly),kly,Kalao,Indonesia,Indonesia,500
Kalumpang (kli),kli,Kalumpang,Indonesia,Indonesia,20000
Kamang (woi),woi,Kamang,Indonesia,Indonesia,6000
Kamarian (kzx),kzx,Kamarian,Indonesia,Indonesia,10
Kamaru (kgx),kgx,Kamaru,Indonesia,Indonesia,3500
Kambera (xbr),xbr,Kambera,Indonesia,Indonesia,240000
Kamberau (irx),irx,Kamberau,Indonesia,Indonesia,1570
Kamoro (kgq),kgq,Kamoro,Indonesia,Indonesia,8000
Kangean (kkv),kkv,Kangean,Indonesia,Indonesia,110000
Kao (kax),kax,Kao,Indonesia,Indonesia,400
Kapauri (khp),khp,Kapauri,Indonesia,Indonesia,200
Kaptiau (kbi),kbi,Kaptiau,Indonesia,Indonesia,230
Karas (kgv),kgv,Karas,Indonesia,Indonesia,240
Karey (kyd),kyd,Karey,Indonesia,Indonesia,610
Karon Dori (kgw),kgw,Karon Dori,Indonesia,Indonesia,5000
Kata Kolok (bqy),bqy,Kata Kolok,Indonesia,Indonesia,1125
Kaur (vkk),vkk,Kaur,Indonesia,Indonesia,40000
Kaure (bpp),bpp,Kaure,Indonesia,Indonesia,450
Kauwera (xau),xau,Kauwera,Indonesia,Indonesia,400
Kawe (kgb),kgb,Kawe,Indonesia,Indonesia,600
Kayagar (kyt),kyt,Kayagar,Indonesia,Indonesia,10000
Kayan Mahakam (xay),xay,Kayan Mahakam,Indonesia,Indonesia,1300
Kayan River Kayan (xkn),xkn,Kayan River Kayan,Indonesia,Indonesia,2000
Kayeli (kzl),kzl,Kayeli,Indonesia,Indonesia,1
Kayupulau (kzu),kzu,Kayupulau,Indonesia,Indonesia,50
Ke’o (xxk),xxk,Ke’o,Indonesia,Indonesia,40000
Kedang (ksx),ksx,Kedang,Indonesia,Indonesia,30000
Kehu (khh),khh,Kehu,Indonesia,Indonesia,200
Kei (kei),kei,Kei,Indonesia,Indonesia,85000
Keijar (kdy),kdy,Keijar,Indonesia,Indonesia,370
Kelabit (kzi),kzi,Kelabit,"Indonesia, Malaysia",Indonesia,4000
Kemberano (bzp),bzp,Kemberano,Indonesia,Indonesia,1500
Kembra (xkw),xkw,Kembra,Indonesia,Indonesia,20
Kemtuik (kmt),kmt,Kemtuik,Indonesia,Indonesia,2500
Kendayan (knx),knx,Kendayan,"Indonesia, Malaysia",Indonesia,321000
Keninjal (knl),knl,Keninjal,Indonesia,Indonesia,32000
Kepo’ (kuk),kuk,Kepo’,Indonesia,Indonesia,6000
Kereho (xke),xke,Kereho,Indonesia,Indonesia,500
Kerinci (kvr),kvr,Kerinci,Indonesia,Indonesia,260000
Ketengban (xte),xte,Ketengban,Indonesia,Indonesia,9970
Ketum (ktt),ktt,Ketum,Indonesia,Indonesia,900
Kimaghima (kig),kig,Kimaghima,Indonesia,Indonesia,3000
Kimki (sbt),sbt,Kimki,Indonesia,Indonesia,500
Kioko (ues),ues,Kioko,Indonesia,Indonesia,1000
Kirikiri (kiy),kiy,Kirikiri,Indonesia,Indonesia,250
Kisar (kje),kje,Kisar,Indonesia,Indonesia,20000
Klon (kyo),kyo,Klon,Indonesia,Indonesia,5000
Koba (kpd),kpd,Koba,Indonesia,Indonesia,870
Kodeoha (vko),vko,Kodeoha,Indonesia,Indonesia,1500
Kodi (kod),kod,Kodi,Indonesia,Indonesia,20000
Kofei (kpi),kpi,Kofei,Indonesia,Indonesia,100
Kohin (kkx),kkx,Kohin,Indonesia,Indonesia,8000
Kokoda (xod),xod,Kokoda,Indonesia,Indonesia,3700
Kola (kvv),kvv,Kola,Indonesia,Indonesia,7400
Kombai (tyn),tyn,Kombai,Indonesia,Indonesia,4000
Komering (kge),kge,Komering,Indonesia,Indonesia,470000
Komodo (kvh),kvh,Komodo,Indonesia,Indonesia,1730
Kompane (kvp),kvp,Kompane,Indonesia,Indonesia,330
Komyandaret (kzv),kzv,Komyandaret,Indonesia,Indonesia,300
Konda (knd),knd,Konda,Indonesia,Indonesia,500
Koneq-koneq (cml),cml,Koneq-koneq,Indonesia,Indonesia,30000
Koneraw (kdw),kdw,Koneraw,Indonesia,Indonesia,1200
Kopkaka (opk),opk,Kopkaka,Indonesia,Indonesia,400
Koroni (xkq),xkq,Koroni,Indonesia,Indonesia,500
Korowai (khe),khe,Korowai,Indonesia,Indonesia,3500
Korupun-Sela (kpq),kpq,Korupun-Sela,Indonesia,Indonesia,8000
Kosare (kiq),kiq,Kosare,Indonesia,Indonesia,250
Kosarek Yale (kkl),kkl,Kosarek Yale,Indonesia,Indonesia,2300
Kota Bangun Kutai Malay (mqg),mqg,Kota Bangun Kutai Malay,Indonesia,Indonesia,80000
Kowiai (kwh),kwh,Kowiai,Indonesia,Indonesia,600
Kubu (kvb),kvb,Kubu,Indonesia,Indonesia,10000
Kui (kvd),kvd,Kui,Indonesia,Indonesia,4240
Kula (tpg),tpg,Kula,Indonesia,Indonesia,5000
Kulisusu (vkl),vkl,Kulisusu,Indonesia,Indonesia,22000
Kumbewaha (xks),xks,Kumbewaha,Indonesia,Indonesia,3400
Kupang Malay (mkn),mkn,Kupang Malay,Indonesia,Indonesia,350000
Kur (kuv),kuv,Kur,Indonesia,Indonesia,3180
Kuri (nbn),nbn,Kuri,Indonesia,Indonesia,500
Kurudu (kjr),kjr,Kurudu,Indonesia,Indonesia,2180
Kwer (kwr),kwr,Kwer,Indonesia,Indonesia,100
Kwerba (kwe),kwe,Kwerba,Indonesia,Indonesia,2500
Kwerba Mamberamo (xwr),xwr,Kwerba Mamberamo,Indonesia,Indonesia,300
Kwerisa (kkb),kkb,Kwerisa,Indonesia,Indonesia,15
Kwesten (kwt),kwt,Kwesten,Indonesia,Indonesia,2000
Kwinsu (kuc),kuc,Kwinsu,Indonesia,Indonesia,500
Laba (lau),lau,Laba,Indonesia,Indonesia,2000
Laha (lhh),lhh,Laha,Indonesia,Indonesia,3890
Laiyolo (lji),lji,Laiyolo,Indonesia,Indonesia,800
Lamaholot (slp),slp,Lamaholot,Indonesia,Indonesia,180000
Lamalera (lmr),lmr,Lamalera,Indonesia,Indonesia,4000
Lamatuka (lmq),lmq,Lamatuka,Indonesia,Indonesia,4000
Lamboya (lmy),lmy,Lamboya,Indonesia,Indonesia,25000
Lampung Api (ljp),ljp,Lampung Api,Indonesia,Indonesia,827000
Lampung Nyo (abl),abl,Lampung Nyo,Indonesia,Indonesia,180000
Land Dayak (day),day,Land Dayak,Indonesia,Indonesia,520000
Larantuka Malay (lrt),lrt,Larantuka Malay,Indonesia,Indonesia,20000
Larike-Wakasihu (alo),alo,Larike-Wakasihu,Indonesia,Indonesia,12600
Lasalimu (llm),llm,Lasalimu,Indonesia,Indonesia,1700
Latu (ltu),ltu,Latu,Indonesia,Indonesia,2130
Lauje (law),law,Lauje,Indonesia,Indonesia,44000
Lawangan (lbx),lbx,Lawangan,Indonesia,Indonesia,100000
Ledo Kaili (lew),lew,Ledo Kaili,Indonesia,Indonesia,350000
Legenyem (lcc),lcc,Legenyem,Indonesia,Indonesia,250
Lengilu (lgi),lgi,Lengilu,Indonesia,Indonesia,3
Lepki (lpe),lpe,Lepki,Indonesia,Indonesia,530
Leti (lti),lti,Leti,Indonesia,Indonesia,7500
Levuka (lvu),lvu,Levuka,Indonesia,Indonesia,4000
Lewoeleng (lwe),lwe,Lewoeleng,Indonesia,Indonesia,4000
Lewotobi (lwt),lwt,Lewotobi,Indonesia,Indonesia,6000
Li’o (ljl),ljl,Li’o,Indonesia,Indonesia,105000
Liabuku (lix),lix,Liabuku,Indonesia,Indonesia,75
Liana-Seti (ste),ste,Liana-Seti,Indonesia,Indonesia,3000
Lik (eip),eip,Lik,Indonesia,Indonesia,3000
Liki (lio),lio,Liki,Indonesia,Indonesia,11
Limola (ley),ley,Limola,Indonesia,Indonesia,2000
Lisabata-Nuniali (lcs),lcs,Lisabata-Nuniali,Indonesia,Indonesia,1830
Lisela (lcl),lcl,Lisela,Indonesia,Indonesia,11900
Lola (lcd),lcd,Lola,Indonesia,Indonesia,900
Lolak (llq),llq,Lolak,Indonesia,Indonesia,3000
Lole (llg),llg,Lole,Indonesia,Indonesia,20000
Loloda (loa),loa,Loloda,Indonesia,Indonesia,15000
Lorang (lrn),lrn,Lorang,Indonesia,Indonesia,220
Loun (lox),lox,Loun,Indonesia,Indonesia,0
Loura (lur),lur,Loura,Indonesia,Indonesia,10000
Lower Grand Valley Dani (dni),dni,Lower Grand Valley Dani,Indonesia,Indonesia,20000
Luang (lex),lex,Luang,Indonesia,Indonesia,18000
Lubu (lcf),lcf,Lubu,Indonesia,Indonesia,30000
Luhu (lcq),lcq,Luhu,Indonesia,Indonesia,6500
Ma’anyan (mhy),mhy,Ma’anyan,Indonesia,Indonesia,150000
Ma’ya (slz),slz,Ma’ya,Indonesia,Indonesia,4000
Maba (mqa),mqa,Maba,Indonesia,Indonesia,6620
Madura (mad),mad,Madura,Indonesia,Indonesia,6770000
Mai Brat (ayz),ayz,Mai Brat,Indonesia,Indonesia,20000
Mainstream Kenyah (xkl),xkl,Mainstream Kenyah,"Indonesia, Malaysia",Indonesia,12000
Mairasi (zrs),zrs,Mairasi,Indonesia,Indonesia,3300
Maiwa (wmm),wmm,Maiwa,Indonesia,Indonesia,50000
Makasar (mak),mak,Makasar,Indonesia,Indonesia,2530000
Makassar Indonesian (mfp),mfp,Makassar Indonesian,Indonesia,Indonesia,1880000
Maklew (mgf),mgf,Maklew,Indonesia,Indonesia,120
Malayic Dayak (xdy),xdy,Malayic Dayak,Indonesia,Indonesia,520000
Malimpung (mli),mli,Malimpung,Indonesia,Indonesia,5000
Mamasa (mqj),mqj,Mamasa,Indonesia,Indonesia,100000
Mamboru (mvd),mvd,Mamboru,Indonesia,Indonesia,10000
Mamuju (mqx),mqx,Mamuju,Indonesia,Indonesia,60000
Manado Malay (xmm),xmm,Manado Malay,Indonesia,Indonesia,2350000
Mandar (mdr),mdr,Mandar,Indonesia,Indonesia,475000
Mander (mqr),mqr,Mander,Indonesia,Indonesia,20
Mandobo Atas (aax),aax,Mandobo Atas,Indonesia,Indonesia,10000
Mandobo Bawah (bwp),bwp,Mandobo Bawah,Indonesia,Indonesia,20000
Manem (jet),jet,Manem,Indonesia,Indonesia,500
Manggarai (mqy),mqy,Manggarai,Indonesia,Indonesia,792000
Mangole (mqc),mqc,Mangole,Indonesia,Indonesia,7280
Manipa (mqp),mqp,Manipa,Indonesia,Indonesia,1500
Manombai (woo),woo,Manombai,Indonesia,Indonesia,9110
Mapia (mpy),mpy,Mapia,Indonesia,Indonesia,0
Marau (mvr),mvr,Marau,Indonesia,Indonesia,1700
Marind (mrz),mrz,Marind,Indonesia,Indonesia,7000
Mariri (mqi),mqi,Mariri,Indonesia,Indonesia,280
Masimasi (ism),ism,Masimasi,Indonesia,Indonesia,10
Masiwang (bnf),bnf,Masiwang,Indonesia,Indonesia,1000
Massep (mvs),mvs,Massep,Indonesia,Indonesia,25
Matbat (xmt),xmt,Matbat,Indonesia,Indonesia,1250
Mateq (xem),xem,Mateq,Indonesia,Indonesia,11000
Mawes (mgk),mgk,Mawes,Indonesia,Indonesia,850
Mekwei (msf),msf,Mekwei,Indonesia,Indonesia,1200
Mendalam Kayan (xkd),xkd,Mendalam Kayan,Indonesia,Indonesia,1500
Mentawai (mwv),mwv,Mentawai,Indonesia,Indonesia,58000
Meoswar (mvx),mvx,Meoswar,Indonesia,Indonesia,250
Mer (mnu),mnu,Mer,Indonesia,Indonesia,85
Meyah (mej),mej,Meyah,Indonesia,Indonesia,14800
Mid Grand Valley Dani (dnt),dnt,Mid Grand Valley Dani,Indonesia,Indonesia,50000
Minangkabau (min),min,Minangkabau,Indonesia,Indonesia,5530000
Mlap (kja),kja,Mlap,Indonesia,Indonesia,300
Mo (wkd),wkd,Mo,Indonesia,Indonesia,550
Modang (mxd),mxd,Modang,Indonesia,Indonesia,15300
Modole (mqo),mqo,Modole,Indonesia,Indonesia,2000
Moi Kelim (mxn),mxn,Moi Kelim,Indonesia,Indonesia,4600
Moi Lemas (sbg),sbg,Moi Lemas,Indonesia,Indonesia,1200
Moksela (vms),vms,Moksela,Indonesia,Indonesia,0
Molof (msl),msl,Molof,Indonesia,Indonesia,230
Moma (myl),myl,Moma,Indonesia,Indonesia,5500
Mombum (mso),mso,Mombum,Indonesia,Indonesia,250
Momina (mmb),mmb,Momina,Indonesia,Indonesia,200
Momuna (mqf),mqf,Momuna,Indonesia,Indonesia,2000
Mongondow (mog),mog,Mongondow,Indonesia,Indonesia,230000
Moni (mnz),mnz,Moni,Indonesia,Indonesia,20000
Mor (mhz),mhz,Mor,Indonesia,Indonesia,700
Mor (moq),moq,Mor,Indonesia,Indonesia,30
Moraid (msg),msg,Moraid,Indonesia,Indonesia,1000
Mori Atas (mzq),mzq,Mori Atas,Indonesia,Indonesia,14000
Mori Bawah (xmz),xmz,Mori Bawah,Indonesia,Indonesia,14000
Moronene (mqn),mqn,Moronene,Indonesia,Indonesia,37000
Morop (iwo),iwo,Morop,Indonesia,Indonesia,6900
Morori (mok),mok,Morori,Indonesia,Indonesia,50
Moskona (mtj),mtj,Moskona,Indonesia,Indonesia,8000
Mpur (akc),akc,Mpur,Indonesia,Indonesia,7000
Mualang (mtd),mtd,Mualang,Indonesia,Indonesia,40000
Muna (mnb),mnb,Muna,Indonesia,Indonesia,300000
Munggui (mth),mth,Munggui,Indonesia,Indonesia,800
Murkim (rmh),rmh,Murkim,Indonesia,Indonesia,290
Musi (mui),mui,Musi,Indonesia,Indonesia,3105000
Nafri (nxx),nxx,Nafri,Indonesia,Indonesia,1630
Nage (nxe),nxe,Nage,Indonesia,Indonesia,50000
Naka’ela (nae),nae,Naka’ela,Indonesia,Indonesia,5
Nakai (nkj),nkj,Nakai,Indonesia,Indonesia,700
Nalca (nlc),nlc,Nalca,Indonesia,Indonesia,16000
Namla (naa),naa,Namla,Indonesia,Indonesia,30
Napu (npy),npy,Napu,Indonesia,Indonesia,6100
Nasal (nsy),nsy,Nasal,Indonesia,Indonesia,3000
Ndom (nqm),nqm,Ndom,Indonesia,Indonesia,1200
Nduga (ndx),ndx,Nduga,Indonesia,Indonesia,10000
Nedebang (nec),nec,Nedebang,Indonesia,Indonesia,200
Ngad’a (nxg),nxg,Ngad’a,Indonesia,Indonesia,60000
Ngaju (nij),nij,Ngaju,Indonesia,Indonesia,890000
Ngalum (szb),szb,Ngalum,Indonesia,Indonesia,10000
Ngapak Javanese (map_bms),map_bms,Ngapak Javanese,Indonesia,Indonesia,-
Nggem (nbq),nbq,Nggem,Indonesia,Indonesia,4400
Ngkâlmpw Kanum (kcd),kcd,Ngkâlmpw Kanum,Indonesia,Indonesia,150
Nias (nia),nia,Nias,Indonesia,Indonesia,770000
Nila (nil),nil,Nila,Indonesia,Indonesia,0
Nimboran (nir),nir,Nimboran,Indonesia,Indonesia,2000
Ninggerum (nxr),nxr,Ninggerum,Indonesia,Indonesia,5150
Ninia Yali (nlk),nlk,Ninia Yali,Indonesia,Indonesia,10500
Nipsan (nps),nps,Nipsan,Indonesia,Indonesia,2500
Nisa (njs),njs,Nisa,Indonesia,Indonesia,500
North Asmat (nks),nks,North Asmat,Indonesia,Indonesia,1000
North Awyu (yir),yir,North Awyu,Indonesia,Indonesia,1500
North Babar (bcd),bcd,North Babar,Indonesia,Indonesia,1000
North Moluccan Malay (max),max,North Moluccan Malay,Indonesia,Indonesia,1000000
North Muyu (kti),kti,North Muyu,Indonesia,Indonesia,8000
North Nuaulu (nni),nni,North Nuaulu,Indonesia,Indonesia,500
Nusa Laut (nul),nul,Nusa Laut,Indonesia,Indonesia,10
Obokuitai (afz),afz,Obokuitai,Indonesia,Indonesia,120
Oirata (oia),oia,Oirata,Indonesia,Indonesia,1220
Okolod (kqv),kqv,Okolod,"Indonesia, Malaysia",Indonesia,3390
Onin (oni),oni,Onin,Indonesia,Indonesia,500
Onin Based Pidgin (onx),onx,Onin Based Pidgin,Indonesia,Indonesia,0
Ormu (orz),orz,Ormu,Indonesia,Indonesia,500
Orya (ury),ury,Orya,Indonesia,Indonesia,1600
Osing (osi),osi,Osing,Indonesia,Indonesia,300000
Ot Danum (otd),otd,Ot Danum,Indonesia,Indonesia,78800
Padoe (pdo),pdo,Padoe,Indonesia,Indonesia,5000
Pagu (pgu),pgu,Pagu,Indonesia,Indonesia,3310
Paku (pku),pku,Paku,Indonesia,Indonesia,3500
Palu’e (ple),ple,Palu’e,Indonesia,Indonesia,10000
Pamona (pmf),pmf,Pamona,Indonesia,Indonesia,137000
Panasuan (psn),psn,Panasuan,Indonesia,Indonesia,800
Pancana (pnp),pnp,Pancana,Indonesia,Indonesia,6000
Pannei (pnc),pnc,Pannei,Indonesia,Indonesia,9000
Papasena (pas),pas,Papasena,Indonesia,Indonesia,400
Papuan Malay (pmy),pmy,Papuan Malay,Indonesia,Indonesia,1100000
Papuma (ppm),ppm,Papuma,Indonesia,Indonesia,600
Pass Valley Yali (yac),yac,Pass Valley Yali,Indonesia,Indonesia,5000
Patani (ptn),ptn,Patani,Indonesia,Indonesia,10600
Paulohi (plh),plh,Paulohi,Indonesia,Indonesia,50
Pekal (pel),pel,Pekal,Indonesia,Indonesia,30000
Pendau (ums),ums,Pendau,Indonesia,Indonesia,4500
Perai (wet),wet,Perai,Indonesia,Indonesia,280
Peranakan Indonesian (pea),pea,Peranakan Indonesian,Indonesia,Indonesia,20000
Petjo (pey),pey,Petjo,Indonesia,Indonesia,11
Pom (pmo),pmo,Pom,Indonesia,Indonesia,2000
Ponosakan (pns),pns,Ponosakan,Indonesia,Indonesia,10
Punan Aput (pud),pud,Punan Aput,Indonesia,Indonesia,370
Punan Merah (puf),puf,Punan Merah,Indonesia,Indonesia,140
Punan Merap (puc),puc,Punan Merap,Indonesia,Indonesia,200
Punan Tubu (puj),puj,Punan Tubu,Indonesia,Indonesia,2000
Puragi (pru),pru,Puragi,Indonesia,Indonesia,700
Putoh (put),put,Putoh,Indonesia,Indonesia,6000
Rahambuu (raz),raz,Rahambuu,Indonesia,Indonesia,5000
Rajong (rjg),rjg,Rajong,Indonesia,Indonesia,6000
Rampi (lje),lje,Rampi,Indonesia,Indonesia,10000
Rara Bakati’ (lra),lra,Rara Bakati’,"Indonesia, Malaysia",Indonesia,11300
Rasawa (rac),rac,Rasawa,Indonesia,Indonesia,200
Ratahan (rth),rth,Ratahan,Indonesia,Indonesia,500
Rejang (rej),rej,Rejang,Indonesia,Indonesia,350000
Rembong (reb),reb,Rembong,Indonesia,Indonesia,5000
Reta (ret),ret,Reta,Indonesia,Indonesia,800
Riantana (ran),ran,Riantana,Indonesia,Indonesia,1100
Ribun (rir),rir,Ribun,Indonesia,Indonesia,45000
Rikou (rgu),rgu,Rikou,Indonesia,Indonesia,12000
Riung (riu),riu,Riung,Indonesia,Indonesia,14000
Roma (rmm),rmm,Roma,Indonesia,Indonesia,1700
Rongga (ror),ror,Rongga,Indonesia,Indonesia,4000
Roon (rnn),rnn,Roon,Indonesia,Indonesia,1100
Sa’ban (snv),snv,Sa’ban,"Indonesia, Malaysia",Indonesia,1110
Sahu (saj),saj,Sahu,Indonesia,Indonesia,7500
Sajau Basap (sjb),sjb,Sajau Basap,Indonesia,Indonesia,6000
Salas (sgu),sgu,Salas,Indonesia,Indonesia,50
Salawati (xmx),xmx,Salawati,Indonesia,Indonesia,600
Saleman (sau),sau,Saleman,Indonesia,Indonesia,4800
Saluan (loe),loe,Saluan,Indonesia,Indonesia,76000
Samarokena (tmj),tmj,Samarokena,Indonesia,Indonesia,400
Sanggau (scg),scg,Sanggau,Indonesia,Indonesia,45000
Sangir (sxn),sxn,Sangir,Indonesia,Indonesia,200000
Saparua (spr),spr,Saparua,Indonesia,Indonesia,10200
Saponi (spi),spi,Saponi,Indonesia,Indonesia,4
Sara Bakati’ (sre),sre,Sara Bakati’,Indonesia,Indonesia,4000
Sarudu (sdu),sdu,Sarudu,Indonesia,Indonesia,4000
Sasak (sas),sas,Sasak,Indonesia,Indonesia,2100000
Sauri (srt),srt,Sauri,Indonesia,Indonesia,100
Sause (sao),sao,Sause,Indonesia,Indonesia,250
Sawai (szw),szw,Sawai,Indonesia,Indonesia,12000
Saweru (swr),swr,Saweru,Indonesia,Indonesia,300
Sawi (saw),saw,Sawi,Indonesia,Indonesia,3500
Sawila (swt),swt,Sawila,Indonesia,Indonesia,3000
Seberuang (sbx),sbx,Seberuang,Indonesia,Indonesia,37000
Sedoa (tvw),tvw,Sedoa,Indonesia,Indonesia,900
Segai (sge),sge,Segai,Indonesia,Indonesia,2000
Seit-Kaitetu (hik),hik,Seit-Kaitetu,Indonesia,Indonesia,10200
Sekak (lce),lce,Sekak,Indonesia,Indonesia,420
Sekar (skz),skz,Sekar,Indonesia,Indonesia,450
Seko Padang (skx),skx,Seko Padang,Indonesia,Indonesia,5000
Seko Tengah (sko),sko,Seko Tengah,Indonesia,Indonesia,2500
Selaru (slu),slu,Selaru,Indonesia,Indonesia,8000
Selayar (sly),sly,Selayar,Indonesia,Indonesia,128000
Selungai Murut (slg),slg,Selungai Murut,"Indonesia, Malaysia",Indonesia,640
Seluwasan (sws),sws,Seluwasan,Indonesia,Indonesia,2840
Semandang (sdq),sdq,Semandang,Indonesia,Indonesia,100000
Sembakung Murut (sbr),sbr,Sembakung Murut,"Indonesia, Malaysia",Indonesia,3180
Semimi (etz),etz,Semimi,Indonesia,Indonesia,1000
Sempan (xse),xse,Sempan,Indonesia,Indonesia,1000
Sentani (set),set,Sentani,Indonesia,Indonesia,30000
Sepa (spb),spb,Sepa,Indonesia,Indonesia,2600
Serili (sve),sve,Serili,Indonesia,Indonesia,330
Serua (srw),srw,Serua,Indonesia,Indonesia,0
Serui-Laut (seu),seu,Serui-Laut,Indonesia,Indonesia,1200
Siang (sya),sya,Siang,Indonesia,Indonesia,60000
Sika (ski),ski,Sika,Indonesia,Indonesia,175000
Sikaritai (tty),tty,Sikaritai,Indonesia,Indonesia,2000
Sikule (skh),skh,Sikule,Indonesia,Indonesia,19800
Silimo (wul),wul,Silimo,Indonesia,Indonesia,5000
Simeulue (smr),smr,Simeulue,Indonesia,Indonesia,40300
Skou (skv),skv,Skou,Indonesia,Indonesia,700
Smärky Kanum (kxq),kxq,Smärky Kanum,Indonesia,Indonesia,80
So’a (ssq),ssq,So’a,Indonesia,Indonesia,10000
Sobei (sob),sob,Sobei,Indonesia,Indonesia,1000
Sota Kanum (krz),krz,Sota Kanum,Indonesia,Indonesia,100
Sou Nama (tlt),tlt,Sou Nama,Indonesia,Indonesia,17000
Sou Upaa (wha),wha,Sou Upaa,Indonesia,Indonesia,7000
Sougb (mnx),mnx,Sougb,Indonesia,Indonesia,12000
South Awyu (aws),aws,South Awyu,Indonesia,Indonesia,9340
South Lembata (lmf),lmf,South Lembata,Indonesia,Indonesia,7000
South Muyu (kts),kts,South Muyu,Indonesia,Indonesia,4000
South Nuaulu (nxl),nxl,South Nuaulu,Indonesia,Indonesia,1500
Southeast Babar (vbb),vbb,Southeast Babar,Indonesia,Indonesia,4460
Southern Tidung (itd),itd,Southern Tidung,"Indonesia, Malaysia",Indonesia,27000
Sowanda (sow),sow,Sowanda,Indonesia,Indonesia,970
Sowari (dmy),dmy,Sowari,Indonesia,Indonesia,1300
Suabo (szp),szp,Suabo,Indonesia,Indonesia,1100
Sula (szn),szn,Sula,Indonesia,Indonesia,20000
Sumbawa (smw),smw,Sumbawa,Indonesia,Indonesia,300000
Sunda (sun),sun,Sunda,Indonesia,Indonesia,34000000
Sunum (ymn),ymn,Sunum,Indonesia,Indonesia,560
Suwawa (swu),swu,Suwawa,Indonesia,Indonesia,5000
Tabaru (tby),tby,Tabaru,Indonesia,Indonesia,15000
Tabla (tnm),tnm,Tabla,Indonesia,Indonesia,3750
Tado (klw),klw,Tado,Indonesia,Indonesia,2400
Tae’ (rob),rob,Tae’,Indonesia,Indonesia,340000
Tagal Murut (mvv),mvv,Tagal Murut,"Indonesia, Malaysia",Indonesia,20000
Taikat (aos),aos,Taikat,Indonesia,Indonesia,500
Taje (pee),pee,Taje,Indonesia,Indonesia,350
Tajio (tdj),tdj,Tajio,Indonesia,Indonesia,12000
Talaud (tld),tld,Talaud,Indonesia,Indonesia,82000
Taliabu (tlv),tlv,Taliabu,Indonesia,Indonesia,4520
Taloki (tlk),tlk,Taloki,Indonesia,Indonesia,550
Talondo’ (tln),tln,Talondo’,Indonesia,Indonesia,1200
Tamagario (tcg),tcg,Tamagario,Indonesia,Indonesia,3500
Taman (tmn),tmn,Taman,Indonesia,Indonesia,30000
Tambora (xxt),xxt,Tambora,Indonesia,Indonesia,0
Tamnim Citak (tml),tml,Tamnim Citak,Indonesia,Indonesia,290
Tanahmerah (tcm),tcm,Tanahmerah,Indonesia,Indonesia,500
Tandia (tni),tni,Tandia,Indonesia,Indonesia,2
Tangko (tkx),tkx,Tangko,Indonesia,Indonesia,100
Tarpia (tpf),tpf,Tarpia,Indonesia,Indonesia,630
Tause (tad),tad,Tause,Indonesia,Indonesia,300
Tawoyan (twy),twy,Tawoyan,Indonesia,Indonesia,20000
Te’un (tve),tve,Te’un,Indonesia,Indonesia,1200
Tebi (dmu),dmu,Tebi,Indonesia,Indonesia,220
Tefaro (tfo),tfo,Tefaro,Indonesia,Indonesia,100
Tehit (kps),kps,Tehit,Indonesia,Indonesia,10000
Teiwa (twe),twe,Teiwa,Indonesia,Indonesia,4000
Tela-Masbuar (tvm),tvm,Tela-Masbuar,Indonesia,Indonesia,1050
Tenggarong Kutai Malay (vkt),vkt,Tenggarong Kutai Malay,Indonesia,Indonesia,210000
Tengger (tes),tes,Tengger,Indonesia,Indonesia,80000
Teor (tev),tev,Teor,Indonesia,Indonesia,1100
Tereweng (twg),twg,Tereweng,Indonesia,Indonesia,800
Termanu (twu),twu,Termanu,Indonesia,Indonesia,30000
Ternate (tft),tft,Ternate,Indonesia,Indonesia,62000
Ternateño (tmg),tmg,Ternateño,Indonesia,Indonesia,3000
Tidore (tvo),tvo,Tidore,Indonesia,Indonesia,46000
Tii (txq),txq,Tii,Indonesia,Indonesia,20000
Tobati (tti),tti,Tobati,Indonesia,Indonesia,100
Tobelo (tlb),tlb,Tobelo,Indonesia,Indonesia,27700
Tofanma (tlg),tlg,Tofanma,Indonesia,Indonesia,250
Tolaki (lbw),lbw,Tolaki,Indonesia,Indonesia,331000
Tomadino (tdi),tdi,Tomadino,Indonesia,Indonesia,600
Tombelala (ttp),ttp,Tombelala,Indonesia,Indonesia,1100
Tombulu (tom),tom,Tombulu,Indonesia,Indonesia,60000
Tomini (txm),txm,Tomini,Indonesia,Indonesia,30000
Tondano (tdn),tdn,Tondano,Indonesia,Indonesia,92000
Tonsawang (tnw),tnw,Tonsawang,Indonesia,Indonesia,20000
Tonsea (txs),txs,Tonsea,Indonesia,Indonesia,90000
Tontemboan (tnt),tnt,Tontemboan,Indonesia,Indonesia,150000
Topoiyo (toy),toy,Topoiyo,Indonesia,Indonesia,450
Toraja-Sa’dan (sda),sda,Toraja-Sa’dan,Indonesia,Indonesia,750000
Totoli (txe),txe,Totoli,Indonesia,Indonesia,25000
Towei (ttn),ttn,Towei,Indonesia,Indonesia,120
Trimuris (tip),tip,Trimuris,Indonesia,Indonesia,300
Tsaukambo (kvz),kvz,Tsaukambo,Indonesia,Indonesia,780
Tugun (tzn),tzn,Tugun,Indonesia,Indonesia,1200
Tugutil (tuj),tuj,Tugutil,Indonesia,Indonesia,2590
Tukang Besi North (khc),khc,Tukang Besi North,Indonesia,Indonesia,120000
Tukang Besi South (bhq),bhq,Tukang Besi South,Indonesia,Indonesia,130000
Tulehu (tlu),tlu,Tulehu,Indonesia,Indonesia,18800
Tunggare (trt),trt,Tunggare,Indonesia,Indonesia,500
Tunjung (tjg),tjg,Tunjung,Indonesia,Indonesia,50000
Uab Meto (aoz),aoz,Uab Meto,Indonesia,Indonesia,700000
Ujir (udj),udj,Ujir,Indonesia,Indonesia,1030
Ulumanda’ (ulm),ulm,Ulumanda’,Indonesia,Indonesia,30000
Uma (ppk),ppk,Uma,Indonesia,Indonesia,20000
Uma’ Lasan (xky),xky,Uma’ Lasan,"Indonesia, Malaysia",Indonesia,1250
Uma’ Lung (ulu),ulu,Uma’ Lung,Indonesia,Indonesia,3000
Una (mtg),mtg,Una,Indonesia,Indonesia,5600
Unde Kaili (unz),unz,Unde Kaili,Indonesia,Indonesia,25000
Upper Grand Valley Dani (dna),dna,Upper Grand Valley Dani,Indonesia,Indonesia,20000
Uruangnirin (urn),urn,Uruangnirin,Indonesia,Indonesia,400
Usku (ulf),ulf,Usku,Indonesia,Indonesia,110
Viid (snu),snu,Viid,Indonesia,Indonesia,250
Vitou (vto),vto,Vitou,Indonesia,Indonesia,630
Wabo (wbb),wbb,Wabo,Indonesia,Indonesia,1500
Wae Rana (wrx),wrx,Wae Rana,Indonesia,Indonesia,3000
Wahau Kayan (whu),whu,Wahau Kayan,Indonesia,Indonesia,500
Wahau Kenyah (whk),whk,Wahau Kenyah,Indonesia,Indonesia,8000
Waioli (wli),wli,Waioli,Indonesia,Indonesia,3000
Walak (wlw),wlw,Walak,Indonesia,Indonesia,20000
Wambon (wms),wms,Wambon,Indonesia,Indonesia,3000
Wamesa (wad),wad,Wamesa,Indonesia,Indonesia,5000
Wanggom (wng),wng,Wanggom,Indonesia,Indonesia,1180
Wano (wno),wno,Wano,Indonesia,Indonesia,1000
Wanukaka (wnk),wnk,Wanukaka,Indonesia,Indonesia,10000
Warembori (wsa),wsa,Warembori,Indonesia,Indonesia,620
Wares (wai),wai,Wares,Indonesia,Indonesia,200
Waris (wrs),wrs,Waris,Indonesia,Indonesia,2500
Waritai (wbe),wbe,Waritai,Indonesia,Indonesia,150
Warkay-Bipim (bgv),bgv,Warkay-Bipim,Indonesia,Indonesia,300
Waropen (wrp),wrp,Waropen,Indonesia,Indonesia,6000
Waru (wru),wru,Waru,Indonesia,Indonesia,350
Watubela (wah),wah,Watubela,Indonesia,Indonesia,4000
Wauyai (wuy),wuy,Wauyai,Indonesia,Indonesia,300
Wawonii (wow),wow,Wawonii,Indonesia,Indonesia,30000
Wejewa (wew),wew,Wejewa,Indonesia,Indonesia,55000
Wemale (weo),weo,Wemale,Indonesia,Indonesia,6000
Wersing (kvw),kvw,Wersing,Indonesia,Indonesia,3700
West Damar (drn),drn,West Damar,Indonesia,Indonesia,800
West Lembata (lmj),lmj,West Lembata,Indonesia,Indonesia,8000
West Makian (mqs),mqs,West Makian,Indonesia,Indonesia,12000
West Masela (mss),mss,West Masela,Indonesia,Indonesia,850
West Tarangan (txn),txn,West Tarangan,Indonesia,Indonesia,7910
Western Dani (dnw),dnw,Western Dani,Indonesia,Indonesia,180000
Western Pantar (lev),lev,Western Pantar,Indonesia,Indonesia,10804
Woi (wbw),wbw,Woi,Indonesia,Indonesia,1800
Wolani (wod),wod,Wolani,Indonesia,Indonesia,5000
Wolio (wlo),wlo,Wolio,Indonesia,Indonesia,65000
Woria (wor),wor,Woria,Indonesia,Indonesia,5
Wotu (wtw),wtw,Wotu,Indonesia,Indonesia,500
Yahadian (ner),ner,Yahadian,Indonesia,Indonesia,500
Yalahatan (jal),jal,Yalahatan,Indonesia,Indonesia,1700
Yamdena (jmd),jmd,Yamdena,Indonesia,Indonesia,25000
Yaosakor Asmat (asy),asy,Yaosakor Asmat,Indonesia,Indonesia,2000
Yaqay (jaq),jaq,Yaqay,Indonesia,Indonesia,10000
Yarsun (yrs),yrs,Yarsun,Indonesia,Indonesia,200
Yaur (jau),jau,Yaur,Indonesia,Indonesia,350
Yawa (yva),yva,Yawa,Indonesia,Indonesia,10000
Yei (jei),jei,Yei,Indonesia,Indonesia,2390
Yelmek (jel),jel,Yelmek,Indonesia,Indonesia,400
Yeresiam (ire),ire,Yeresiam,Indonesia,Indonesia,70
Yeretuar (gop),gop,Yeretuar,Indonesia,Indonesia,350
Yetfa (yet),yet,Yetfa,Indonesia,Indonesia,1400
Yoke (yki),yki,Yoke,Indonesia,Indonesia,200
Zorop (wfg),wfg,Zorop,Indonesia,Laos,230
Akha (ahk),ahk,Akha,"Laos, Myanmar, Thailand",Laos,200000
Alak (alk),alk,Alak,Laos,Laos,4000
Arem (aem),aem,Arem,"Laos, Vietnam",Laos,20
Bit (bgk),bgk,Bit,Laos,Laos,1960
Bo (bgl),bgl,Bo,Laos,Laos,2950
Chepya (ycp),ycp,Chepya,Laos,Laos,2000
Chut (scb),scb,Chut,"Laos, Vietnam",Laos,1050
Con (cno),cno,Con,Laos,Laos,1000
Eastern Bru (bru),bru,Eastern Bru,"Laos, Vietnam",Laos,26700
Halang Doan (hld),hld,Halang Doan,"Laos, Vietnam",Laos,2000
Hani (hni),hni,Hani,"Laos, Vietnam",Laos,740000
Hmong Njua (hnj),hnj,Hmong Njua,"Laos, Thailand, Vietnam",Laos,100000
Hung (hnu),hnu,Hung,"Laos, Vietnam",Laos,2000
Ir (irr),irr,Ir,Laos,Laos,4420
Iu Mien (ium),ium,Iu Mien,"Laos, Vietnam",Laos,383000
Jeh (jeh),jeh,Jeh,"Laos, Vietnam",Laos,15200
Kaduo (ktp),ktp,Kaduo,Laos,Laos,180000
Kang (kyp),kyp,Kang,Laos,Laos,47600
Khmu (kjg),kjg,Khmu,"Laos, Thailand, Vietnam",Laos,708000
Khua (xhv),xhv,Khua,"Laos, Vietnam",Laos,3000
Khuen (khf),khf,Khuen,Laos,Laos,8000
Kiorr (xko),xko,Kiorr,Laos,Laos,2360
Kriang (ngt),ngt,Kriang,Laos,Laos,12900
Kuan (uan),uan,Kuan,Laos,Laos,2500
Lahu (lhu),lhu,Lahu,"Laos, Myanmar",Laos,280000
Laopang (lbg),lbg,Laopang,Laos,Laos,9550
Laos Sign Language (lso),lso,Laos Sign Language,Laos,Laos,36000
Laven (lbo),lbo,Laven,Laos,Laos,28100
Lavi (lvi),lvi,Lavi,Laos,Laos,500
Lower Ta’oih (tto),tto,Lower Ta’oih,Laos,Laos,15800
Lü (khb),khb,Lü,"Laos, Myanmar",Laos,280000
Mal (mlf),mlf,Mal,"Laos, Thailand",Laos,23200
Maleng (pkt),pkt,Maleng,"Laos, Vietnam",Laos,500
Mlabri (mra),mra,Mlabri,"Laos, Thailand",Laos,130
Ngoaun (nuo),nuo,Ngoaun,"Laos, Vietnam",Laos,1000
Northern Katang (ncq),ncq,Northern Katang,Laos,Laos,65000
Northern Thai (nod),nod,Northern Thai,"Laos, Thailand",Thailand,6000000
Nyaheun (nev),nev,Nyaheun,Laos,Laos,3960
O’du (tyh),tyh,O’du,"Laos, Vietnam",Laos,300
Ong (oog),oog,Ong,Laos,Laos,10300
Oy (oyb),oyb,Oy,Laos,Laos,23500
Pacoh (pac),pac,Pacoh,"Laos, Vietnam",Laos,16000
Phana’ (phq),phq,Phana’,Laos,Laos,350
Phong-Kniang (pnx),pnx,Phong-Kniang,Laos,Laos,1000
Phu Thai (pht),pht,Phu Thai,"Laos, Thailand, Vietnam",Thailand,470000
Phuan (phu),phu,Phuan,"Laos, Thailand",Laos,200000
Phunoi (pho),pho,Phunoi,Laos,Laos,35600
Prai (prt),prt,Prai,"Laos, Thailand",Laos,20000
Rmeet (lbn),lbn,Rmeet,Laos,Laos,22300
Saek (skb),skb,Saek,"Laos, Thailand",Laos,3730
Salang (hal),hal,Salang,"Laos, Vietnam",Laos,13500
Sapuan (spu),spu,Sapuan,Laos,Laos,2400
Sila (slt),slt,Sila,"Laos, Vietnam",Laos,1770
So (sss),sss,So,"Laos, Thailand",Laos,118000
Sou (sqq),sqq,Sou,Laos,Laos,2360
Southern Katang (sct),sct,Southern Katang,Laos,Laos,40000
Tai Daeng (tyr),tyr,Tai Daeng,"Laos, Vietnam",Vietnam,80000
Tai Dam (blt),blt,Tai Dam,"Laos, Vietnam",Vietnam,699000
Tai Dón (twh),twh,Tai Dón,"Laos, Vietnam",Laos,280000
Tai Khang (tnu),tnu,Tai Khang,Laos,Laos,200
Tai Loi (tlq),tlq,Tai Loi,"Laos, Myanmar",Laos,4460
Tai Long (thi),thi,Tai Long,Laos,Laos,4800
Tai Pao (tpo),tpo,Tai Pao,"Laos, Vietnam",Laos,3300
Tai Yo (tyj),tyj,Tai Yo,"Laos, Vietnam",Laos,300
Talieng (tdf),tdf,Talieng,Laos,Laos,29100
Tareng (tgr),tgr,Tareng,Laos,Laos,5000
Upper Ta’oih (tth),tth,Upper Ta’oih,"Laos, Vietnam",Laos,30900
Western Bru (brv),brv,Western Bru,"Laos, Thailand",Laos,20000
Western Katu (kuf),kuf,Western Katu,Laos,Laos,22800
Yoy (yoy),yoy,Yoy,"Laos, Thailand",Laos,5000
Abai Sungai (abf),abf,Abai Sungai,Malaysia,Malaysia,500
Baram Kayan (kys),kys,Baram Kayan,Malaysia,Malaysia,4150
Batek (btq),btq,Batek,Malaysia,Malaysia,1000
Bintulu (bny),bny,Bintulu,Malaysia,Malaysia,4200
Bonggi (bdg),bdg,Bonggi,Malaysia,Malaysia,1400
Bookan Murut (bnb),bnb,Bookan Murut,Malaysia,Malaysia,1700
Central Berawan (zbc),zbc,Central Berawan,Malaysia,Malaysia,1500
Central Melanau (mel),mel,Central Melanau,Malaysia,Malaysia,113000
Cheq Wong (cwg),cwg,Cheq Wong,Malaysia,Malaysia,460
Daro-Matu Melanau (dro),dro,Daro-Matu Melanau,Malaysia,Malaysia,7600
Dumpas (dmv),dmv,Dumpas,Malaysia,Malaysia,2400
East Berawan (zbe),zbe,East Berawan,Malaysia,Malaysia,1100
Gana (gnq),gnq,Gana,Malaysia,Malaysia,250
Ida’an (dbj),dbj,Ida’an,Malaysia,Malaysia,10000
Iranun (ilm),ilm,Iranun,Malaysia,Malaysia,22000
Jah Hut (jah),jah,Jah Hut,Malaysia,Malaysia,4191
Jakun (jak),jak,Jakun,Malaysia,Malaysia,10000
Jehai (jhi),jhi,Jehai,Malaysia,Malaysia,1250
Kadazan Dusun (dtp),dtp,Kadazan Dusun,Malaysia,Malaysia,264000
Kajaman (kag),kag,Kajaman,Malaysia,Malaysia,500
Kalabakan Murut (kve),kve,Kalabakan Murut,Malaysia,Malaysia,2200
Kanowit-Tanjong Melanau (kxn),kxn,Kanowit-Tanjong Melanau,Malaysia,Malaysia,200
Kedah Malay (meo),meo,Kedah Malay,"Malaysia, Thailand",Malaysia,2600000
Kenaboi (xbn),xbn,Kenaboi,Malaysia,Malaysia,0
Keningau Murut (kxi),kxi,Keningau Murut,Malaysia,Malaysia,3000
Kensiu (kns),kns,Kensiu,"Malaysia, Thailand",Malaysia,250
Kimaragang (kqr),kqr,Kimaragang,Malaysia,Malaysia,90000
Kintaq (knq),knq,Kintaq,Malaysia,Malaysia,110
Kiput (kyi),kyi,Kiput,Malaysia,Malaysia,2460
Klias River Kadazan (kqt),kqt,Klias River Kadazan,Malaysia,Malaysia,800
Kota Marudu Talantang (grm),grm,Kota Marudu Talantang,Malaysia,Malaysia,1800
Kuijau (dkr),dkr,Kuijau,Malaysia,Malaysia,7910
Labuk-Kinabatangan Kadazan (dtb),dtb,Labuk-Kinabatangan Kadazan,Malaysia,Malaysia,20600
Lahanan (lhn),lhn,Lahanan,Malaysia,Malaysia,350
Lanas Lobu (ruu),ruu,Lanas Lobu,Malaysia,Malaysia,4000
Lanoh (lnh),lnh,Lanoh,Malaysia,Malaysia,240
Lelak (llk),llk,Lelak,Malaysia,Malaysia,220
Long Wat (ttw),ttw,Long Wat,Malaysia,Malaysia,600
Lotud (dtr),dtr,Lotud,Malaysia,Malaysia,20000
Mah Meri (mhe),mhe,Mah Meri,Malaysia,Malaysia,2990
Malaccan Malay Creole (ccm),ccm,Malaccan Malay Creole,Malaysia,Malaysia,300
Malaccan Portuguese Creole (mcm),mcm,Malaccan Portuguese Creole,Malaysia,Malaysia,2150
Malay (zlm),zlm,Malay,Malaysia,Malaysia,13500000
Malaysian Sign Language (xml),xml,Malaysian Sign Language,Malaysia,Malaysia,58700
Minokok (mqq),mqq,Minokok,Malaysia,Malaysia,1200
Minriq (mnq),mnq,Minriq,Malaysia,Malaysia,270
Mintil (mzt),mzt,Mintil,Malaysia,Malaysia,180
Molbog (pwm),pwm,Molbog,"Malaysia, Philippines",Malaysia,6680
Murik (mxr),mxr,Murik,Malaysia,Malaysia,1120
Narom (nrm),nrm,Narom,Malaysia,Malaysia,2420
Negeri Sembilan Malay (zmi),zmi,Negeri Sembilan Malay,Malaysia,Malaysia,500000
Northern Tidung (ntd),ntd,Northern Tidung,Malaysia,Malaysia,5000
Orang Kanaq (orn),orn,Orang Kanaq,Malaysia,Malaysia,80
Orang Seletar (ors),ors,Orang Seletar,Malaysia,Malaysia,880
Paluan Murut (plz),plz,Paluan Murut,Malaysia,Malaysia,5500
Papar (dpp),dpp,Papar,Malaysia,Malaysia,500
Penang Sign Language (psg),psg,Penang Sign Language,Malaysia,Malaysia,1000
Punan Bah-Biau (pna),pna,Punan Bah-Biau,Malaysia,Malaysia,450
Punan Batu (pnm),pnm,Punan Batu,Malaysia,Malaysia,30
Rejang Kayan (ree),ree,Rejang Kayan,Malaysia,Malaysia,3030
Remun (lkj),lkj,Remun,Malaysia,Malaysia,3500
Rungus (drg),drg,Rungus,Malaysia,Malaysia,55000
Sabah Bisaya (bsy),bsy,Sabah Bisaya,Malaysia,Malaysia,21000
Sabah Malay (msi),msi,Sabah Malay,Malaysia,Malaysia,3000000
Sabüm (sbo),sbo,Sabüm,Malaysia,Malaysia,0
Sebop (sib),sib,Sebop,Malaysia,Malaysia,1730
Sekapan (skp),skp,Sekapan,Malaysia,Malaysia,750
Selangor Sign Language (kgi),kgi,Selangor Sign Language,Malaysia,Malaysia,500
Semai (sea),sea,Semai,Malaysia,Malaysia,10000
Semaq Beri (szc),szc,Semaq Beri,Malaysia,Malaysia,2000
Semelai (sza),sza,Semelai,Malaysia,Malaysia,4100
Semnam (ssm),ssm,Semnam,Malaysia,Malaysia,670
Serudung Murut (srk),srk,Serudung Murut,Malaysia,Malaysia,400
Sibu Melanau (sdx),sdx,Sibu Melanau,Malaysia,Malaysia,420
Sihan (spg),spg,Sihan,Malaysia,Malaysia,50
Standard Malay (zsm),zsm,Standard Malay,"Malaysia, Brunei, Singapore",Malaysia,13500000
Sugut Dusun (kzs),kzs,Sugut Dusun,Malaysia,Malaysia,240000
Tampias Lobu (low),low,Tampias Lobu,Malaysia,Malaysia,4500
Tatana (txx),txx,Tatana,Malaysia,Malaysia,10000
Temiar (tea),tea,Temiar,Malaysia,Malaysia,15000
Temoq (tmo),tmo,Temoq,Malaysia,Malaysia,300
Temuan (tmw),tmw,Temuan,Malaysia,Malaysia,8000
Ten’edn (tnz),tnz,Ten’edn,"Malaysia, Thailand",Malaysia,350
Timugon Murut (tih),tih,Timugon Murut,Malaysia,Malaysia,9000
Tobilung (tgb),tgb,Tobilung,Malaysia,Malaysia,4000
Tombonuo (txa),txa,Tombonuo,Malaysia,Malaysia,13000
Tring (tgq),tgq,Tring,Malaysia,Malaysia,550
Tringgus-Sembaan Bidayuh (trx),trx,Tringgus-Sembaan Bidayuh,Malaysia,Malaysia,850
Ukit (umi),umi,Ukit,Malaysia,Malaysia,120
Upper Kinabatangan (dmg),dmg,Upper Kinabatangan,Malaysia,Malaysia,1000
West Berawan (zbw),zbw,West Berawan,Malaysia,Malaysia,1000
West Coast Bajau (bdr),bdr,West Coast Bajau,Malaysia,Malaysia,436672
Western Penan (pne),pne,Western Penan,Malaysia,Malaysia,3400
Akyaung Ari Naga (nqy),nqy,Akyaung Ari Naga,Myanmar,Myanmar,1000
Anong (nun),nun,Anong,Myanmar,Myanmar,400
Anu-Khongso Chin (anl),anl,Anu-Khongso Chin,Myanmar,Myanmar,4000
Asho Chin (csh),csh,Asho Chin,Myanmar,Myanmar,170000
Bawm Chin (bgr),bgr,Bawm Chin,Myanmar,Myanmar,4440
Blang (blr),blr,Blang,"Myanmar, Thailand",Myanmar,42000
Bualkhaw Chin (cbl),cbl,Bualkhaw Chin,Myanmar,Myanmar,2500
Burmese (mya),mya,Burmese,Myanmar,Myanmar,42875600
Bwe Karen (bwe),bwe,Bwe Karen,Myanmar,Myanmar,17200
Chak (ckh),ckh,Chak,Myanmar,Myanmar,3000
Chakma (ccp),ccp,Chakma,Myanmar,Myanmar,150000
Chen-Kayu Naga (nqq),nqq,Chen-Kayu Naga,Myanmar,Myanmar,9000
Daai Chin (dao),dao,Daai Chin,Myanmar,Myanmar,37000
Danau (dnu),dnu,Danau,Myanmar,Myanmar,1000
Danu (dnv),dnv,Danu,Myanmar,Myanmar,100000
Drung (duu),duu,Drung,Myanmar,Myanmar,14000
Eastern Kayah (eky),eky,Eastern Kayah,"Myanmar, Thailand",Myanmar,8000
Eastern Khumi Chin (cek),cek,Eastern Khumi Chin,Myanmar,Myanmar,12000
Ekai Chin (cey),cey,Ekai Chin,Myanmar,Myanmar,6100
Falam Chin (cfm),cfm,Falam Chin,Myanmar,Myanmar,69000
Geba Karen (kvq),kvq,Geba Karen,Myanmar,Myanmar,40000
Geko Karen (ghk),ghk,Geko Karen,Myanmar,Myanmar,17000
Hakha Chin (cnh),cnh,Hakha Chin,Myanmar,Myanmar,140000
Hpon (hpo),hpo,Hpon,Myanmar,Myanmar,0
Intha (int),int,Intha,Myanmar,Myanmar,90000
Jejara Naga (pzn),pzn,Jejara Naga,Myanmar,Myanmar,1500
Jingpho (kac),kac,Jingpho,Myanmar,Myanmar,900000
Kaang Chin (ckn),ckn,Kaang Chin,Myanmar,Myanmar,1000
Kadu (zkd),zkd,Kadu,Myanmar,Myanmar,30000
Kanan (zkn),zkn,Kanan,Myanmar,Myanmar,9000
Kawyaw (kxf),kxf,Kawyaw,Myanmar,Myanmar,10000
Kayan (pdu),pdu,Kayan,Myanmar,Myanmar,133000
Kayaw (kvl),kvl,Kayaw,Myanmar,Myanmar,16600
Khams Tibetan (khg),khg,Khams Tibetan,Myanmar,Myanmar,1380000
Khamti (kht),kht,Khamti,Myanmar,Myanmar,8000
Khiamniungan Naga (kix),kix,Khiamniungan Naga,Myanmar,Myanmar,37800
Khumi Chin (cnk),cnk,Khumi Chin,Myanmar,Myanmar,60000
Khün (kkh),kkh,Khün,Myanmar,Myanmar,100000
Kokak Naga (nxk),nxk,Kokak Naga,Myanmar,Myanmar,2000
Konyak Naga (nbe),nbe,Konyak Naga,Myanmar,Myanmar,248000
Lacid (lsi),lsi,Lacid,Myanmar,Myanmar,30000
Lahta (kvt),kvt,Lahta,Myanmar,Myanmar,9550
Lahu Shi (lhi),lhi,Lahu Shi,Myanmar,Myanmar,117000
Lainong Naga (lzn),lzn,Lainong Naga,Myanmar,Myanmar,7000
Laitu Chin (clj),clj,Laitu Chin,Myanmar,Myanmar,15000
Lao Naga (nlq),nlq,Lao Naga,Myanmar,Myanmar,1000
Lautu Chin (clt),clt,Lautu Chin,Myanmar,Myanmar,15000
Lhao Vo (mhx),mhx,Lhao Vo,Myanmar,Myanmar,100000
Lisu (lis),lis,Lisu,Myanmar,Myanmar,600000
Long Phuri Naga (lpn),lpn,Long Phuri Naga,Myanmar,Myanmar,1000
Makuri Naga (jmn),jmn,Makuri Naga,Myanmar,Myanmar,2500
Mara Chin (mrh),mrh,Mara Chin,Myanmar,Myanmar,34800
Matu Chin (hlt),hlt,Matu Chin,Myanmar,Myanmar,30000
Mizo Chin (lus),lus,Mizo Chin,Myanmar,Myanmar,675000
Mobwa Karen (jkm),jkm,Mobwa Karen,Myanmar,Myanmar,4000
Mok (mqt),mqt,Mok,"Myanmar, Thailand",Myanmar,7
Moken (mwt),mwt,Moken,"Myanmar, Thailand",Myanmar,4000
Mon (mnw),mnw,Mon,"Myanmar, Thailand",Myanmar,743000
Mro-Khimi (cmr),cmr,Mro-Khimi,Myanmar,Myanmar,75000
Mru (mro),mro,Mru,Myanmar,Myanmar,30000
Muak Sa-aak (ukk),ukk,Muak Sa-aak,Myanmar,Myanmar,4500
Müün Chin (mwq),mwq,Müün Chin,Myanmar,Myanmar,15000
Myanmar Sign Language (ysm),ysm,Myanmar Sign Language,Myanmar,Myanmar,270000
Ngawn Chin (cnw),cnw,Ngawn Chin,Myanmar,Myanmar,15000
Ngochang (acn),acn,Ngochang,Myanmar,Myanmar,27700
Nusu (nuf),nuf,Nusu,Myanmar,Myanmar,12000
Pa’o (blk),blk,Pa’o,"Myanmar, Thailand",Myanmar,560000
Paku Karen (jkp),jkp,Paku Karen,Myanmar,Myanmar,5300
Parauk Wa (prk),prk,Parauk Wa,Myanmar,Myanmar,400000
Paungnyuan Naga (umn),umn,Paungnyuan Naga,Myanmar,Myanmar,4000
Ponyo-Gongwang Naga (npg),npg,Ponyo-Gongwang Naga,Myanmar,Myanmar,4500
Pwo Eastern Karen (kjp),kjp,Pwo Eastern Karen,"Myanmar, Thailand",Myanmar,1000000
Pwo Western Karen (pwo),pwo,Pwo Western Karen,Myanmar,Myanmar,210000
Pyen (pyy),pyy,Pyen,Myanmar,Myanmar,600
Rakhine (rki),rki,Rakhine,Myanmar,Myanmar,1820000
Rawang (raw),raw,Rawang,Myanmar,Myanmar,62000
Rawngtu Chin (weu),weu,Rawngtu Chin,Myanmar,Myanmar,5000
Riang Lai (yin),yin,Riang Lai,Myanmar,Myanmar,12000
Riang Lang (ril),ril,Riang Lang,Myanmar,Myanmar,12500
Rohingya (rhg),rhg,Rohingya,Myanmar,Myanmar,800000
Ruching Palaung (pce),pce,Ruching Palaung,Myanmar,Myanmar,258000
Rumai Palaung (rbb),rbb,Rumai Palaung,Myanmar,Myanmar,139000
Rungtu Chin (rtc),rtc,Rungtu Chin,Myanmar,Myanmar,4000
S’gaw Karen (ksw),ksw,S’gaw Karen,"Myanmar, Thailand",Myanmar,1360000
Samtao (stu),stu,Samtao,Myanmar,Myanmar,9550
Senthang Chin (sez),sez,Senthang Chin,Myanmar,Myanmar,33000
Shan (shn),shn,Shan,"Myanmar, Thailand",Myanmar,3200000
Shwe Palaung (pll),pll,Shwe Palaung,Myanmar,Myanmar,148000
Siyin Chin (csy),csy,Siyin Chin,Myanmar,Myanmar,10000
Songlai Chin (csj),csj,Songlai Chin,Myanmar,Myanmar,7300
Sumtu Chin (csv),csv,Sumtu Chin,Myanmar,Myanmar,14000
Tai Laing (tjl),tjl,Tai Laing,Myanmar,Myanmar,100000
Tai Nüa (tdd),tdd,Tai Nüa,Myanmar,Myanmar,540000
Taman (tcl),tcl,Taman,Myanmar,Myanmar,0
Tangkhul Naga (ntx),ntx,Tangkhul Naga,Myanmar,Myanmar,4000
Tangshang Naga (nst),nst,Tangshang Naga,Myanmar,Myanmar,60000
Taungyo (tco),tco,Taungyo,Myanmar,Myanmar,40000
Tavoyan (tvn),tvn,Tavoyan,Myanmar,Myanmar,400000
Tawr Chin (tcp),tcp,Tawr Chin,Myanmar,Myanmar,700
Tedim Chin (ctd),ctd,Tedim Chin,Myanmar,Myanmar,189000
Thado Chin (tcz),tcz,Thado Chin,Myanmar,Myanmar,243000
Thaiphum Chin (cth),cth,Thaiphum Chin,Myanmar,Myanmar,1000
Uppu Chin (cnb),cnb,Uppu Chin,Myanmar,Myanmar,19600
Western Kayah (kyu),kyu,Western Kayah,Myanmar,Myanmar,150000
Wewaw (wea),wea,Wewaw,Myanmar,Myanmar,0
Yinbaw (kvu),kvu,Yinbaw,Myanmar,Myanmar,7300
Yintale (kvy),kvy,Yintale,Myanmar,Myanmar,1000
Zaiwa (atb),atb,Zaiwa,Myanmar,Myanmar,80000
Zayein (kxk),kxk,Zayein,Myanmar,Myanmar,9300
Zo (zom),zom,Zo,Myanmar,Myanmar,61000
Zotung Chin (czt),czt,Zotung Chin,Myanmar,Myanmar,40000
Zyphe Chin (zyp),zyp,Zyphe Chin,Myanmar,Myanmar,17000
Abellen Ayta (abp),abp,Abellen Ayta,Philippines,Philippines,3000
Adasen (tiu),tiu,Adasen,Philippines,Philippines,4000
Agusan Manobo (msm),msm,Agusan Manobo,Philippines,Philippines,60000
Agutaynen (agn),agn,Agutaynen,Philippines,Philippines,15000
Aklanon (akl),akl,Aklanon,Philippines,Philippines,93200
Alangan (alj),alj,Alangan,Philippines,Philippines,2150
Ambala Ayta (abc),abc,Ambala Ayta,Philippines,Philippines,1660
Amganad Ifugao (ifa),ifa,Amganad Ifugao,Philippines,Philippines,27100
Arta (atz),atz,Arta,Philippines,Philippines,11
Ata (atm),atm,Ata,Philippines,Philippines,2
Ata Manobo (atd),atd,Ata Manobo,Philippines,Philippines,26700
Ati (atk),atk,Ati,Philippines,Philippines,1500
Bagobo-Klata (bgi),bgi,Bagobo-Klata,Philippines,Philippines,55000
Balangao (blw),blw,Balangao,Philippines,Philippines,21300
Balangingih Sama (sse),sse,Balangingih Sama,Philippines,Philippines,80000
Bangon (bnj),bnj,Bangon,Philippines,Philippines,1130
Bantayanon (bfx),bfx,Bantayanon,Philippines,Philippines,71600
Bantoanon (bno),bno,Bantoanon,Philippines,Philippines,75000
Batad Ifugao (ifb),ifb,Batad Ifugao,Philippines,Philippines,10100
Batak (bya),bya,Batak,Philippines,Philippines,1480
Baybayanon (bvy),bvy,Baybayanon,Philippines,Philippines,10000
Binongan Itneg (itb),itb,Binongan Itneg,Philippines,Philippines,7500
Binukid (bkd),bkd,Binukid,Philippines,Philippines,100000
Bogkalot (ilk),ilk,Bogkalot,Philippines,Philippines,50800
Bolinao (smk),smk,Bolinao,Philippines,Philippines,56200
Botolan Sambal (sbl),sbl,Botolan Sambal,Philippines,Philippines,32900
Brooke’s Point Palawano (plw),plw,Brooke’s Point Palawano,Philippines,Philippines,14400
Buhi’non Bikol (ubl),ubl,Buhi’non Bikol,Philippines,Philippines,73600
Buhid (bku),bku,Buhid,Philippines,Philippines,9370
Butbut Kalinga (kyb),kyb,Butbut Kalinga,Philippines,Philippines,15000
Butuanon (btw),btw,Butuanon,Philippines,Philippines,34500
Calamian Tagbanwa (tbk),tbk,Calamian Tagbanwa,Philippines,Philippines,10000
Caluyanun (clu),clu,Caluyanun,Philippines,Philippines,30000
Capiznon (cps),cps,Capiznon,Philippines,Philippines,639000
Casiguran Dumagat Agta (dgc),dgc,Casiguran Dumagat Agta,Philippines,Philippines,610
Cebuano (ceb),ceb,Cebuano,Philippines,Philippines,15800000
Central Bikol (bcl),bcl,Central Bikol,Philippines,Philippines,2500000
Central Bontok (lbk),lbk,Central Bontok,Philippines,Philippines,19600
Central Cagayan Agta (agt),agt,Central Cagayan Agta,Philippines,Philippines,780
Central Palawano (plc),plc,Central Palawano,Philippines,Philippines,12000
Central Sama (sml),sml,Central Sama,Philippines,Philippines,90000
Central Subanen (syb),syb,Central Subanen,Philippines,Philippines,140000
Central Tagbanwa (tgt),tgt,Central Tagbanwa,Philippines,Philippines,2000
Chavacano (cbk),cbk,Chavacano,Philippines,Philippines,1200000
Cotabato Manobo (mta),mta,Cotabato Manobo,Philippines,Philippines,30000
Cuyonon (cyo),cyo,Cuyonon,Philippines,Philippines,123000
Davawenyo (daw),daw,Davawenyo,Philippines,Philippines,147000
Dibabawon Manobo (mbd),mbd,Dibabawon Manobo,Philippines,Philippines,10000
Dicamay Agta (duy),duy,Dicamay Agta,Philippines,Philippines,0
Dupaninan Agta (duo),duo,Dupaninan Agta,Philippines,Philippines,1200
Eastern Bontok (ebk),ebk,Eastern Bontok,Philippines,Philippines,6170
Eastern Subanen (sfe),sfe,Eastern Subanen,Philippines,Philippines,7000
Eskayan (esy),esy,Eskayan,Philippines,Philippines,500
Faire Atta (azt),azt,Faire Atta,Philippines,Philippines,300
Filipino (fil),fil,Filipino,Philippines,Philippines,45000000
Filipino Sign Language (psp),psp,Filipino Sign Language,Philippines,Philippines,100000
Cebuano Sign Language (psp_ceb),psp_ceb,Cebuano Sign Language,Philippines,Philippines,-
Ga’dang (gdg),gdg,Ga’dang,Philippines,Philippines,6000
Gaddang (gad),gad,Gaddang,Philippines,Philippines,30000
Hanunoo (hnn),hnn,Hanunoo,Philippines,Philippines,18800
Higaonon (mba),mba,Higaonon,Philippines,Philippines,30000
Hiligaynon (hil),hil,Hiligaynon,Philippines,Philippines,5770000
I-wak (iwk),iwk,I-wak,Philippines,Philippines,3260
Ibaloi (ibl),ibl,Ibaloi,Philippines,Philippines,111000
Ibanag (ibg),ibg,Ibanag,Philippines,Philippines,500000
Ibatan (ivb),ivb,Ibatan,Philippines,Philippines,1240
Ilianen Manobo (mbi),mbi,Ilianen Manobo,Philippines,Philippines,14600
Ilocano (ilo),ilo,Ilocano,Philippines,Philippines,6920000
Inabaknon (abx),abx,Inabaknon,Philippines,Philippines,26400
Inagta Alabat (dul),dul,Inagta Alabat,Philippines,Philippines,30
Inlaud Itneg (iti),iti,Inlaud Itneg,Philippines,Philippines,9000
Inonhan (loc),loc,Inonhan,Philippines,Philippines,85800
Iranun (ilp),ilp,Iranun,Philippines,Philippines,241000
Iraya (iry),iry,Iraya,Philippines,Philippines,10000
Isinay (inn),inn,Isinay,Philippines,Philippines,5520
Isnag (isd),isd,Isnag,Philippines,Philippines,450
Itawit (itv),itv,Itawit,Philippines,Philippines,134000
Ivatan (ivv),ivv,Ivatan,Philippines,Philippines,35000
Kagan Kalagan (kll),kll,Kagan Kalagan,Philippines,Philippines,6000
Kagayanen (cgc),cgc,Kagayanen,Philippines,Philippines,30000
Kalagan (kqe),kqe,Kalagan,Philippines,Philippines,70000
Kalanguya (kak),kak,Kalanguya,Philippines,Philippines,100000
Kamayo (kyk),kyk,Kamayo,Philippines,Philippines,363000
Kankanaey (kne),kne,Kankanaey,Philippines,Philippines,150000
Kapampangan (pam),pam,Kapampangan,Philippines,Philippines,1900000
Karao (kyj),kyj,Karao,Philippines,Philippines,2000
Kasiguranin (ksn),ksn,Kasiguranin,Philippines,Philippines,10000
Katubung Agta (agk),agk,Katubung Agta,Philippines,Philippines,5
Keley-i Kallahan (ify),ify,Keley-i Kallahan,Philippines,Philippines,8000
Kinabalian (cbw),cbw,Kinabalian,Philippines,Philippines,14000
Kinamiging Manobo (mkx),mkx,Kinamiging Manobo,Philippines,Philippines,26700
Kinaray-a (krj),krj,Kinaray-a,Philippines,Philippines,378000
Kolibugan Subanon (skn),skn,Kolibugan Subanon,Philippines,Philippines,20000
Koronadal Blaan (bpr),bpr,Koronadal Blaan,Philippines,Philippines,150000
Libon Bikol (lbl),lbl,Libon Bikol,Philippines,Philippines,68800
Limos Kalinga (kmk),kmk,Limos Kalinga,Philippines,Philippines,12700
Lubuagan Kalinga (knb),knb,Lubuagan Kalinga,Philippines,Philippines,30000
Mabaka Valley Kalinga (kkg),kkg,Mabaka Valley Kalinga,Philippines,Philippines,12000
Maeng Itneg (itt),itt,Maeng Itneg,Philippines,Philippines,18000
Mag-antsi Ayta (sgb),sgb,Mag-antsi Ayta,Philippines,Philippines,8200
Mag-Indi Ayta (blx),blx,Mag-Indi Ayta,Philippines,Philippines,5000
Magbukun Ayta (ayt),ayt,Magbukun Ayta,Philippines,Philippines,1000
Maguindanaon (mdh),mdh,Maguindanaon,Philippines,Philippines,1100000
Majukayang Kalinga (kmd),kmd,Majukayang Kalinga,Philippines,Philippines,1500
Malaynon (mlz),mlz,Malaynon,Philippines,Philippines,8500
Mandaya (mry),mry,Mandaya,Philippines,Philippines,250000
Manide (abd),abd,Manide,Philippines,Philippines,3800
Mansaka (msk),msk,Mansaka,Philippines,Philippines,57800
Mapun (sjm),sjm,Mapun,Philippines,Philippines,43000
Maranao (mrw),mrw,Maranao,Philippines,Philippines,776000
Masadiit Itneg (tis),tis,Masadiit Itneg,Philippines,Philippines,7500
Masbatenyo (msb),msb,Masbatenyo,Philippines,Philippines,600000
Matigsalug Manobo (mbt),mbt,Matigsalug Manobo,Philippines,Philippines,50000
Mayoyao Ifugao (ifu),ifu,Mayoyao Ifugao,Philippines,Philippines,30000
Minamanwa (mmn),mmn,Minamanwa,Philippines,Philippines,5150
Miraya Bikol (rbl),rbl,Miraya Bikol,Philippines,Philippines,300000
Moyadan Itneg (ity),ity,Moyadan Itneg,Philippines,Philippines,12000
Mt. Iraya Agta (atl),atl,Mt. Iraya Agta,Philippines,Philippines,150
Mt. Iriga Agta (agz),agz,Mt. Iriga Agta,Philippines,Philippines,1500
Northern Alta (aqn),aqn,Northern Alta,Philippines,Philippines,200
Northern Binukidnon (kyn),kyn,Northern Binukidnon,Philippines,Philippines,15100
Northern Bontok (rbk),rbk,Northern Bontok,Philippines,Philippines,9700
Northern Catanduanes Bikol (cts),cts,Northern Catanduanes Bikol,Philippines,Philippines,77500
Northern Kankanay (xnn),xnn,Northern Kankanay,Philippines,Philippines,70000
Northern Sorsoganon (bks),bks,Northern Sorsoganon,Philippines,Philippines,85000
Northern Subanen (stb),stb,Northern Subanen,Philippines,Philippines,85400
Obo Manobo (obo),obo,Obo Manobo,Philippines,Philippines,60000
Pahanan Agta (apf),apf,Pahanan Agta,Philippines,Philippines,1700
Pamplona Atta (att),att,Pamplona Atta,Philippines,Philippines,1000
Pangasinan (pag),pag,Pangasinan,Philippines,Philippines,1160000
Pangutaran Sama (slm),slm,Pangutaran Sama,Philippines,Philippines,35200
Paranan (prf),prf,Paranan,Philippines,Philippines,15000
Porohanon (prh),prh,Porohanon,Philippines,Philippines,23000
Pudtol Atta (atp),atp,Pudtol Atta,Philippines,Philippines,710
Rajah Kabunsuwan Manobo (mqk),mqk,Rajah Kabunsuwan Manobo,Philippines,Philippines,7560
Ratagnon (btn),btn,Ratagnon,Philippines,Philippines,2
Remontado Dumagat (agv),agv,Remontado Dumagat,Philippines,Philippines,2530
Rinconada Bikol (bto),bto,Rinconada Bikol,Philippines,Philippines,385000
Romblomanon (rol),rol,Romblomanon,Philippines,Philippines,94000
Sambal (xsb),xsb,Sambal,Philippines,Philippines,70000
Sangil (snl),snl,Sangil,Philippines,Philippines,15000
Sarangani Blaan (bps),bps,Sarangani Blaan,Philippines,Philippines,90800
Sarangani Manobo (mbs),mbs,Sarangani Manobo,Philippines,Philippines,58000
Sorsogon Ayta (ays),ays,Sorsogon Ayta,Philippines,Philippines,15
Southern Alta (agy),agy,Southern Alta,Philippines,Philippines,1000
Southern Binukidnon (mtw),mtw,Southern Binukidnon,Philippines,Philippines,7570
Southern Bontok (obk),obk,Southern Bontok,Philippines,Philippines,2760
Southern Catanduanes Bikol (bln),bln,Southern Catanduanes Bikol,Philippines,Philippines,135000
Southern Kalinga (ksc),ksc,Southern Kalinga,Philippines,Philippines,13000
Southern Sama (ssb),ssb,Southern Sama,Philippines,Philippines,200000
Southern Sorsoganon (srv),srv,Southern Sorsoganon,Philippines,Philippines,185000
Southern Subanen (laa),laa,Southern Subanen,Philippines,Philippines,25000
Southwest Palawano (plv),plv,Southwest Palawano,Philippines,Philippines,12000
Southwestern Bontok (vbk),vbk,Southwestern Bontok,Philippines,Philippines,2470
Sulod (srg),srg,Sulod,Philippines,Philippines,14000
Surigaonon (sgd),sgd,Surigaonon,Philippines,Philippines,400000
Tadyawan (tdy),tdy,Tadyawan,Philippines,Philippines,2940
Tagabawa (bgs),bgs,Tagabawa,Philippines,Philippines,43000
Tagakaulo (klg),klg,Tagakaulo,Philippines,Philippines,83000
Tagalog (tgl),tgl,Tagalog,Philippines,Philippines,24628290
Tagbanwa (tbw),tbw,Tagbanwa,Philippines,Philippines,10000
Tandaganon (tgn),tgn,Tandaganon,Philippines,Philippines,100000
Tanudan Kalinga (kml),kml,Tanudan Kalinga,Philippines,Philippines,11200
Tausug (tsg),tsg,Tausug,Philippines,Philippines,900000
Tawbuid (twb),twb,Tawbuid,Philippines,Philippines,6810
Tboli (tbl),tbl,Tboli,Philippines,Philippines,95300
Teduray (tiy),tiy,Teduray,Philippines,Philippines,50000
Tuwali Ifugao (ifk),ifk,Tuwali Ifugao,Philippines,Philippines,30000
Umiray Dumaget Agta (due),due,Umiray Dumaget Agta,Philippines,Philippines,3000
Vanaw Kalinga (bjx),bjx,Vanaw Kalinga,Philippines,Philippines,3500
Villa Viciosa Agta (dyg),dyg,Villa Viciosa Agta,Philippines,Philippines,0
Waray-Waray (war),war,Waray-Waray,Philippines,Philippines,2560000
West Albay Bikol (fbl),fbl,West Albay Bikol,Philippines,Philippines,260000
Western Bukidnon Manobo (mbb),mbb,Western Bukidnon Manobo,Philippines,Philippines,15000
Western Subanon (suc),suc,Western Subanon,Philippines,Philippines,125000
Yakan (yka),yka,Yakan,Philippines,Philippines,106000
Yogad (yog),yog,Yogad,Philippines,Philippines,16000
Baba Malay (mbf),mbf,Baba Malay,Singapore,Singapore,10000
Singapore Sign Language (sls),sls,Singapore Sign Language,Singapore,Singapore,3000
Aheu (thm),thm,Aheu,Thailand,Thailand,450
Ban Khor Sign Language (bfk),bfk,Ban Khor Sign Language,Thailand,Thailand,400
Bisu (bzi),bzi,Bisu,Thailand,Thailand,700
Chiangmai Sign Language (csd),csd,Chiangmai Sign Language,Thailand,Thailand,19
Chong (cog),cog,Chong,Thailand,Thailand,500
Eastern Lawa (lwl),lwl,Eastern Lawa,Thailand,Thailand,7000
Moklen (mkm),mkm,Moklen,Thailand,Thailand,1500
Mpi (mpz),mpz,Mpi,Thailand,Thailand,900
Northeastern Thai (tts),tts,Northeastern Thai,Thailand,Thailand,15000000
Northern Khmer (kxm),kxm,Northern Khmer,Thailand,Thailand,1400000
Nyahkur (cbn),cbn,Nyahkur,Thailand,Thailand,1500
Nyaw (nyw),nyw,Nyaw,Thailand,Thailand,50000
Nyeu (nyl),nyl,Nyeu,Thailand,Thailand,200
Pattani Malay (mfa),mfa,Pattani Malay,Thailand,Thailand,1000000
Phrae Pwo Karen (kjt),kjt,Phrae Pwo Karen,Thailand,Thailand,6000
Pwo Northern Karen (pww),pww,Pwo Northern Karen,Thailand,Thailand,60000
Southern Thai (sou),sou,Southern Thai,Thailand,Thailand,4500000
Thai (tha),tha,Thai,"Thailand, Cambodia",Thailand,60200000
Thai Sign Language (tsq),tsq,Thai Sign Language,Thailand,Thailand,51000
Thai Song (soa),soa,Thai Song,Thailand,Thailand,32300
Ugong (ugo),ugo,Ugong,Thailand,Thailand,150
Urak Lawoi’ (urk),urk,Urak Lawoi’,Thailand,Thailand,5000
Western Lawa (lcp),lcp,Western Lawa,Thailand,Vietnam,8000
Yong (yno),yno,Yong,Thailand,Vietnam,12600
Bahnar (bdq),bdq,Bahnar,Vietnam,Vietnam,158000
Bih (ibh),ibh,Bih,Vietnam,Vietnam,10
Budeh Stieng (stt),stt,Budeh Stieng,Vietnam,Vietnam,40000
Cacgia Roglai (roc),roc,Cacgia Roglai,Vietnam,Vietnam,3000
Cao Lan (mlc),mlc,Cao Lan,Vietnam,Vietnam,169000
Chrau (crw),crw,Chrau,Vietnam,Vietnam,7000
Chru (cje),cje,Chru,Vietnam,Vietnam,19300
Côông (cnc),cnc,Côông,Vietnam,Vietnam,2030
Cua (cua),cua,Cua,Vietnam,Vietnam,12000
Eastern Cham (cjm),cjm,Eastern Cham,Vietnam,Vietnam,72900
Eastern Katu (ktv),ktv,Eastern Katu,Vietnam,Vietnam,50500
Eastern Mnong (mng),mng,Eastern Mnong,Vietnam,Vietnam,30000
En (enc),enc,En,Vietnam,Vietnam,200
Giáy (pcc),pcc,Giáy,Vietnam,Vietnam,2600000
Green Gelao (giq),giq,Green Gelao,Vietnam,Vietnam,300
Haiphong Sign Language (haf),haf,Haiphong Sign Language,Vietnam,Vietnam,1800
Hanoi Sign Language (hab),hab,Hanoi Sign Language,Vietnam,Vietnam,39000
Haroi (hro),hro,Haroi,Vietnam,Vietnam,35000
Hmong Dô (hmv),hmv,Hmong Dô,Vietnam,Vietnam,3700000
Hmong Don (hmf),hmf,Hmong Don,Vietnam,Vietnam,-
Ho Chi Minh City Sign Language (hos),hos,Ho Chi Minh City Sign Language,Vietnam,Vietnam,45000
Hre (hre),hre,Hre,Vietnam,Vietnam,94000
Katua (kta),kta,Katua,Vietnam,Vietnam,4000
Kayong (kxy),kxy,Kayong,Vietnam,Vietnam,25000
Kháng (kjm),kjm,Kháng,Vietnam,Vietnam,13800
Khao (xao),xao,Khao,Vietnam,Vietnam,10000
Koho (kpm),kpm,Koho,Vietnam,Vietnam,166000
Kucong (lkc),lkc,Kucong,Vietnam,Vietnam,6870
Lachi (lbt),lbt,Lachi,Vietnam,Vietnam,5000
Laghuu (lgh),lgh,Laghuu,Vietnam,Vietnam,300
Laha (lha),lha,Laha,Vietnam,Vietnam,5690
Maa (cma),cma,Maa,Vietnam,Vietnam,33300
Mang (zng),zng,Mang,Vietnam,Vietnam,2660
Mantsi (nty),nty,Mantsi,Vietnam,Vietnam,1100
Monom (moo),moo,Monom,Vietnam,Vietnam,6000
Muong (mtq),mtq,Muong,Vietnam,Vietnam,1140000
Ná-Meo (neo),neo,Ná-Meo,Vietnam,Vietnam,1200
Northern Roglai (rog),rog,Northern Roglai,Vietnam,Vietnam,52900
Nung (nut),nut,Nung,Vietnam,Vietnam,969000
Pa-Hng (pha),pha,Pa-Hng,Vietnam,Vietnam,26800
Phula (phh),phh,Phula,Vietnam,Vietnam,5000
Phuong (phg),phg,Phuong,Vietnam,Vietnam,15100
Puoc (puo),puo,Puoc,Vietnam,Vietnam,18000
Qabiao (laq),laq,Qabiao,Vietnam,Vietnam,690
Rade (rad),rad,Rade,Vietnam,Vietnam,177000
Red Gelao (gir),gir,Red Gelao,Vietnam,Vietnam,6000
Rengao (ren),ren,Rengao,Vietnam,Vietnam,18000
Romam (rmx),rmx,Romam,Vietnam,Vietnam,200
Sedang (sed),sed,Sedang,Vietnam,Vietnam,97000
Southern Mnong (mnn),mnn,Southern Mnong,Vietnam,Vietnam,30000
Southern Roglai (rgs),rgs,Southern Roglai,Vietnam,Vietnam,41000
Tai Thanh (tmm),tmm,Tai Thanh,Vietnam,Vietnam,20000
Takua (tkz),tkz,Takua,Vietnam,Vietnam,6000
Tày (tyz),tyz,Tày,Vietnam,Vietnam,1630000
Tay Boi (tas),tas,Tay Boi,Vietnam,Vietnam,0
Tày Sa Pa (tys),tys,Tày Sa Pa,Vietnam,Vietnam,300
Tày Tac (tyt),tyt,Tày Tac,Vietnam,Vietnam,-
Tho (tou),tou,Tho,Vietnam,Vietnam,68400
Thu Lao (tyl),tyl,Thu Lao,Vietnam,Vietnam,200
Todrah (tdr),tdr,Todrah,Vietnam,Vietnam,6000
Trieng (stg),stg,Trieng,Vietnam,Vietnam,15000
Ts՟n-Lao (tsl),tsl,Ts՟n-Lao,Vietnam,Vietnam,10000
Vietnamese (vie),vie,Vietnamese,Vietnam,Vietnam,65800000
White Lachi (lwh),lwh,White Lachi,Vietnam,Vietnam,1600
English (eng),eng,English,Non-indigenous,Non-indigenous,371959910
Cantonese (yue),yue,Cantonese,Non-indigenous,Non-indigenous,62000000
Portuguese (por),por,Portuguese,Non-indigenous,Non-indigenous,218765470
Mandarin Chinese (cmn),cmn,Mandarin Chinese,Non-indigenous,Non-indigenous,1067000000
Tamil (tam),tam,Tamil,Non-indigenous,Non-indigenous,68700000
Sanskrit (san),san,Sanskrit,Non-indigenous,Non-indigenous,208100